CREATE DATABASE  IF NOT EXISTS `flipifc` /*!40100 DEFAULT CHARACTER SET latin1 */;
USE `flipifc`;
-- MySQL dump 10.13  Distrib 5.7.12, for linux-glibc2.5 (x86_64)
--
-- Host: localhost    Database: flipifc
-- ------------------------------------------------------
-- Server version	5.7.26-0ubuntu0.18.04.1

/*!40101 SET @OLD_CHARACTER_SET_CLIENT=@@CHARACTER_SET_CLIENT */;
/*!40101 SET @OLD_CHARACTER_SET_RESULTS=@@CHARACTER_SET_RESULTS */;
/*!40101 SET @OLD_COLLATION_CONNECTION=@@COLLATION_CONNECTION */;
/*!40101 SET NAMES utf8 */;
/*!40103 SET @OLD_TIME_ZONE=@@TIME_ZONE */;
/*!40103 SET TIME_ZONE='+00:00' */;
/*!40014 SET @OLD_UNIQUE_CHECKS=@@UNIQUE_CHECKS, UNIQUE_CHECKS=0 */;
/*!40014 SET @OLD_FOREIGN_KEY_CHECKS=@@FOREIGN_KEY_CHECKS, FOREIGN_KEY_CHECKS=0 */;
/*!40101 SET @OLD_SQL_MODE=@@SQL_MODE, SQL_MODE='NO_AUTO_VALUE_ON_ZERO' */;
/*!40111 SET @OLD_SQL_NOTES=@@SQL_NOTES, SQL_NOTES=0 */;

--
-- Table structure for table `area`
--

DROP TABLE IF EXISTS `area`;
/*!40101 SET @saved_cs_client     = @@character_set_client */;
/*!40101 SET character_set_client = utf8 */;
CREATE TABLE `area` (
  `cod` int(11) NOT NULL AUTO_INCREMENT,
  `area` varchar(30) DEFAULT NULL,
  PRIMARY KEY (`cod`)
) ENGINE=InnoDB AUTO_INCREMENT=5 DEFAULT CHARSET=latin1;
/*!40101 SET character_set_client = @saved_cs_client */;

--
-- Dumping data for table `area`
--

LOCK TABLES `area` WRITE;
/*!40000 ALTER TABLE `area` DISABLE KEYS */;
INSERT INTO `area` VALUES (1,'CIÊCNCIAS HUMANAS'),(2,'CIÊNCIAS NATURAIS'),(3,'LÍNGUA PORTUGUESA'),(4,'MATEMÁTICA');
/*!40000 ALTER TABLE `area` ENABLE KEYS */;
UNLOCK TABLES;

--
-- Table structure for table `cidade`
--

DROP TABLE IF EXISTS `cidade`;
/*!40101 SET @saved_cs_client     = @@character_set_client */;
/*!40101 SET character_set_client = utf8 */;
CREATE TABLE `cidade` (
  `cod` int(11) NOT NULL AUTO_INCREMENT,
  `cidade` varchar(30) DEFAULT NULL,
  PRIMARY KEY (`cod`)
) ENGINE=InnoDB AUTO_INCREMENT=9 DEFAULT CHARSET=latin1;
/*!40101 SET character_set_client = @saved_cs_client */;

--
-- Dumping data for table `cidade`
--

LOCK TABLES `cidade` WRITE;
/*!40000 ALTER TABLE `cidade` DISABLE KEYS */;
INSERT INTO `cidade` VALUES (1,'Sombrio - SC'),(2,'Balneário Gaivota - SC'),(3,'Arárangua - SC'),(4,'Ermo - SC'),(5,'Praia Grande - SC'),(6,'Passo de Torres - SC'),(7,'Turvo - SC'),(8,'Torres - RS');
/*!40000 ALTER TABLE `cidade` ENABLE KEYS */;
UNLOCK TABLES;

--
-- Table structure for table `escola`
--

DROP TABLE IF EXISTS `escola`;
/*!40101 SET @saved_cs_client     = @@character_set_client */;
/*!40101 SET character_set_client = utf8 */;
CREATE TABLE `escola` (
  `cod` int(11) NOT NULL AUTO_INCREMENT,
  `escola` varchar(70) DEFAULT NULL,
  `cidade` int(11) DEFAULT '1',
  `ensino` int(11) DEFAULT '1',
  PRIMARY KEY (`cod`),
  KEY `fk_escola_ensino_idx` (`ensino`),
  KEY `fk_escola_cidade_idx` (`cidade`),
  CONSTRAINT `fk_escola_cidade` FOREIGN KEY (`cidade`) REFERENCES `cidade` (`cod`) ON DELETE NO ACTION ON UPDATE NO ACTION,
  CONSTRAINT `fk_escola_ensino` FOREIGN KEY (`ensino`) REFERENCES `tipo_ensino` (`cod`) ON DELETE NO ACTION ON UPDATE NO ACTION
) ENGINE=InnoDB AUTO_INCREMENT=4 DEFAULT CHARSET=latin1;
/*!40101 SET character_set_client = @saved_cs_client */;

--
-- Dumping data for table `escola`
--

LOCK TABLES `escola` WRITE;
/*!40000 ALTER TABLE `escola` DISABLE KEYS */;
INSERT INTO `escola` VALUES (1,'Alda Santos de Vargas',1,1),(2,'Darcy Ribeiro',2,1),(3,'IFC-CAS',1,3);
/*!40000 ALTER TABLE `escola` ENABLE KEYS */;
UNLOCK TABLES;

--
-- Table structure for table `questao`
--

DROP TABLE IF EXISTS `questao`;
/*!40101 SET @saved_cs_client     = @@character_set_client */;
/*!40101 SET character_set_client = utf8 */;
CREATE TABLE `questao` (
  `codQuestao` int(11) NOT NULL AUTO_INCREMENT,
  `enun` longtext,
  `alt1` longtext,
  `alt2` longtext,
  `alt3` longtext,
  `alt4` longtext,
  `alt5` longtext,
  `resposta` int(11) DEFAULT NULL,
  `area` int(11) DEFAULT NULL,
  PRIMARY KEY (`codQuestao`),
  KEY `fk_questao_area_idx` (`area`),
  CONSTRAINT `fk_quetao_area` FOREIGN KEY (`area`) REFERENCES `area` (`cod`) ON DELETE NO ACTION ON UPDATE NO ACTION
) ENGINE=InnoDB AUTO_INCREMENT=149 DEFAULT CHARSET=latin1;
/*!40101 SET character_set_client = @saved_cs_client */;

--
-- Dumping data for table `questao`
--

LOCK TABLES `questao` WRITE;
/*!40000 ALTER TABLE `questao` DISABLE KEYS */;
INSERT INTO `questao` VALUES (1,'<html><body><b>(IFC 2018)</b> O professor de matemática construiu um gráfico de colunas com a distribuição das notas obtidas pelos alunos de sua turma na primeira prova do ano letivo.<div style = \"text-align:center;\"><img src=\"file:/home/flipifc/Área de Trabalho/FlipIFC/imagensq/mq1.png\" width=\"500\" height=\"300\" > </div><br>Com base no gráfico, qual o valor que mais se aproxima da média aritmética das notas da turma nessa primeira prova de matemática?</body></html>','<html><body><div style = \"text-align:center;\">a) <html><body><div style = \"text-align:center;\">(A) 7,00</div></body></html>','<html><body><div style = \"text-align:center;\">(B) 6,03</div></body></html>','<html><body><div style = \"text-align:center;\">(C) 5,00</div></body></html>','<html><body><div style = \"text-align:center;\">(D) 5,80</div></body></html>','<html><body><div style = \"text-align:center;\">(E) 4,00</div></body></html>',2,4),(2,'<html><body><b>(IFC 2018)</b> Maria está curiosa para saber a idade da professora Joana. Como a professora Joana não gosta de revelar a própria idade, propôs um desafio à Maria:<br>—Maria, se você triplicar minha idade e adicionar a idade da diretora Olívia, vai encontrar o número 159. No entanto, se ao quádruplo de minha idade subtrair o dobro da idade da diretora Olívia, encontrará o número 102.<br><br> De acordo com as informações, qual a idade da professora Joana e da diretora Olívia, respectivamente?</body></html>','<html><body><div style = \"text-align:center;\">(A) 33 anos e 42 anos </div></body></html>','<html><body><div style = \"text-align:center;\">(B) 40 anos e 39 anos </div></body></html>','<html><body><div style = \"text-align:center;\">(C) 44 anos e 37 anos </div></body></html>','<html><body><div style = \"text-align:center;\">(D) 42 anos e 33 anos </div></body></html>','<html><body><div style = \"text-align:center;\">(E) 37 anos e 44 anos </div></body></html>',4,4),(3,'<html><body><b>(IFC 2018)</b> Uma das formas de encontrar as raízes de uma equação de segundo grau do tipo ax² +bx + c = 0 é utilizar as relações de soma e produto dessas raízes. A soma (S) é dada por S = -b/a, e o produto (P) é dado por P = c/a. Qual das alternativas abaixo representa a equação do segundo grau que possui soma S = 33 e produto P = -148? </body></html>','<html><body><div style = \"text-align:center;\">(A) x² + 33x +148 = 0</div></body></html>','<html><body><div style = \"text-align:center;\">(B) x² – 33x – 148 = 0</div></body></html>','<html><body><div style = \"text-align:center;\">(C) x² – 33x +148 = 0</div></body></html>','<html><body><div style = \"text-align:center;\">(D) x² + 33x – 148 = 0</div></body></html>','<html><body><div style = \"text-align:center;\">(E) x + 33x – 148 = 0</div></body></html>',2,4),(4,'<html><body><b>(IFC 2018)</b> No edital de um determinado concurso público, do total de vagas oferecidas, eram reservadas vagas para candidatos com deficiência e para candidatos negros, respectivamente com os percentuais de 5% e 20%.<br> Ao aplicar o percentual para candidatos negros, obteve-se um número inteiro igual a 4.<br>Sendo assim, ao aplicar o percentual para candidatos com deficiência, obteve-se um número inteiro igual a:</body></html>','<html><body><div style = \"text-align:center;\">(A) 1</div></body></html>','<html><body><div style = \"text-align:center;\">(B) 2</div></body></html>','<html><body><div style = \"text-align:center;\">(C) 3</div></body></html>','<html><body><div style = \"text-align:center;\">(D) 4</div></body></html>','<html><body><div style = \"text-align:center;\">(E) 5</div></body></html>',1,4),(5,'<html><body><b>(IFC 2018)</b> Um aluno deixou cair, de uma certa altura, um objeto que levou 2²² segundos para atingir o solo. Logo após, ele deixou cair um outro objeto que levou a metade do tempo gasto pelo primeiro objeto para tocar o solo.<br>O tempo, em segundos, gasto pelo segundo objeto para tocar o solo foi de:</body></html>','<html><body><div style = \"text-align:center;\">(A) 2²¹</div></body></html>','<html><body><div style = \"text-align:center;\">(B) 2¹¹</div></body></html>','<html><body><div style = \"text-align:center;\">(C) 1¹¹</div></body></html>','<html><body><div style = \"text-align:center;\">(D) 22</div></body></html>','<html><body><div style = \"text-align:center;\">(E) 42</div></body></html>',1,4),(6,'<html><body><b>(IFC 2018)</b> Para conseguir a tonalidade de cor da tinta que um cliente deseja, uma loja deverá misturar 4 partes de tinta azul com 7 partes de tinta amarela. Se o cliente solicitou 330 litros dessa mistura, quantos litros de tinta azul e de tinta amarela, respectivamente, essa loja deverá usar?</body></html>','<html><body><div style = \"text-align:center;\">(A) 160 litros e 170 litros</div></body></html>','<html><body><div style = \"text-align:center;\">(B) 130 litros e 200 litros</div></body></html>','<html><body><div style = \"text-align:center;\">(C) 140 litros e 190 litros </div></body></html>','<html><body><div style = \"text-align:center;\">(D) 150 litros e 180 litros </div></body></html>','<html><body><div style = \"text-align:center;\">(E) 120 litros e 210 litros</div></body></html>',5,4),(8,'<html><body><b>(IFC 2018)</b> A nova mania entre os adolescentes é o <i>hand spinner</i>.  O <i>hand spinner</i> é um brinquedo que, quando impulsionado, gira nos dedos do seu usuário.<br>O professor de Português perguntou ao 9º ano quantos estudantes tinham <i>hand spinner</i>.<br>Um dos estudantes falou: “professor, elevando ao quadrado o número que representa 25% dos 32 alunos da nossa sala, e subtraindo do resultado quatro vezes a raiz quadrada de 100, o senhor descobrirá quantos alunos da nossa turma têm <i>hand spinner</i>”. Tendo em vista a resposta do estudante, quantos alunos da turma possuem o brinquedo?</body></html>','<html><body><div style = \"text-align:center;\">(A) 32</div></body></html>','<html><body><div style = \"text-align:center;\">(B) 10</div></body></html>','<html><body><div style = \"text-align:center;\">(C) 24</div></body></html>','<html><body><div style = \"text-align:center;\">(D) 18</div></body></html>','<html><body><div style = \"text-align:center;\">(E) 25</div></body></html>',3,4),(9,'<html><body><b>(IFC 2017)</b> Entre os dias 5 e 21 de agosto de 2016, ocorreram no Brasil as Olimpíadas 2016, na cidade do Rio de Janeiro/RJ. Durante esse período, foram exibidas as competições de várias modalidades de esportes. Dentre elas, a natação, um dos esportes mais antigos do mundo, praticado inicialmente pelos gregos e posteriormente organizado por regras, pelos ingleses. As medidas para uma piscina oficial são de 50 metros de comprimento e 25 metros de largura, com 8 raias cada. Sabendo que cada raia mede 2,5 metros, quantos metros da piscina <b>NÃO</b> são destinados às raias, considerando a largura da piscina?</body></html>','<html><body><div style = \"text-align:center;\">(A) 3, 5 metros</div></body></html>','<html><body><div style = \"text-align:center;\">(B) 4, 5 metros</div></body></html>','<html><body><div style = \"text-align:center;\">(C) 4 metros</div></body></html>','<html><body><div style = \"text-align:center;\">(D) 5 metros</div></body></html>','<html><body><div style = \"text-align:center;\">(E) 3 metros</div></body></html>',4,4),(10,'<html><body><b>(IFC 2017)</b> Em um campus do Instituto Federal Catarinense, há dois exames de ingresso aos cursos integrados ao ensino médio: um para o curso de Informática e outro para o curso de Agropecuária. Observe, no quadro abaixo, o número de vagas e o número total de candidatos por curso nos exames de 2015:<br><div style=\"text-align: center;\"><img src=\"file:/home/flipifc/Área de Trabalho/FlipIFC/imagensq/mq3.png\" width=\"400\" height=\"90\"></div><br><div style=\"text-align: right\"><i>Quadro: candidatos aos exames de 2015 (Fonte: IFC).</i></div><br>De acordo com esse quadro, a relação de candidatos por vaga do curso mais concorrido foi de:</body></html>','<html><body><div style = \"text-align:center;\">(A) 3 candidatos por vaga</div></body></html>','<html><body><div style = \"text-align:center;\">(B) 5 candidatos por vaga</div></body></html>','<html><body><div style = \"text-align:center;\">(C) 6 candidatos por vaga</div></body></html>','<html><body><div style = \"text-align:center;\">(D) 4 candidatos por vaga</div></body></html>','<html><body><div style = \"text-align:center;\">(E) 8 candidatos por vaga</div></body></html>',2,4),(11,'<html><body><b>(IFC 2017)</b> Qual é o resultado da expressão aritmética dada pelo quíntuplo de 4, somado com o quadrado do -3, menos o triplo de -6?</body></html>','<html><body><div style=\"text-align: center;\">(A) 11</div></body></html>','<html><body><div style=\"text-align: center;\">(B) 47</div></body></html>','<html><body><div style=\"text-align: center;\">(C) -7</div></body></html>','<html><body><div style=\"text-align: center;\">(D) 29</div></body></html>','<html><body><div style=\"text-align: center;\">(E) 35</div></body></html>',2,4),(12,'<html><body><b>(IFC 2017)</b> Analise as seguintes situações:<br>- Segundo a tradição lendária, Roma, famosa cidade italiana, foi fundada pelos gêmeos Remo e Rômulo, descendentes do guerreiro troiano Enéias, no ano de 753 a.C.<br>- A fundação de Florianópolis, capital do estado de Santa Catarina, foi no ano de 1726 d.C.<br>Quantos anos se passaram entre a fundação de Roma e a fundação da cidade de Florianópolis?</body></html>','<html><body><div style=\"text-align: center;\">(A) 973</div></body></html>','<html><body><div style=\"text-align: center;\">(B) 2479</div></body></html>','<html><body><div style=\"text-align: center;\">(C) 2363</div></body></html>','<html><body><div style=\"text-align: center;\">(D) 969</div></body></html>','<html><body><div style=\"text-align: center;\">(E) 1073</div></body></html>',2,4),(13,'<html><body><b>(IFC 2016)</b> Em São Joaquim, cidade localizada na serra catarinense, a temperatura cai, uniformemente, devido a sua elevada altitude. No centro da cidade há um termômetro que em determinado dia, às 14h, registra uma temperatura de 18ºC. Sabendo que a temperatura a cada hora cai aproximadamente 4ºC, pode-se concluir que, às 19h do mesmo dia, a temperatura será de:</body></html>','<html><body><div style=\"text-align: center;\">(A) 0 ºC</div></body></html>','<html><body><div style=\"text-align: center;\">(B) -2 ºC</div></body></html>','<html><body><div style=\"text-align: center;\">(C) 2 ºC</div></body></html>','<html><body><div style=\"text-align: center;\">(D) 6 ºC</div></body></html>','<html><body><div style=\"text-align: center;\">(E) 7 ºC</div></body></html>',2,4),(14,'<html><body><b>(IFC 2016)</b> Para se deslocar todos os dias de sua casa até o trabalho, Manoel costuma utilizar transporte coletivo. Ele possui certa quantidade em dinheiro que é possível comprar 21 passagens ao custo unitário de R$ 1,80. Segundo informações divulgadas na mídia, o valor das passagens teria um aumento e passaria a custar R$ 2,10. Quantas passagens Manoel poderá comprar com a mesma quantidade de dinheiro?</body></html>','<html><body><div style=\"text-align: center;\">(A) 16</div></body></html>','<html><body><div style=\"text-align: center;\">(B) 24</div></body></html>','<html><body><div style=\"text-align: center;\">(C) 18</div></body></html>','<html><body><div style=\"text-align: center;\">(D) 17</div></body></html>','<html><body><div style=\"text-align: center;\">(E) 20</div></body></html>',3,4),(15,'<html><body><b>(IFC 2016)</b> Uma empresa de abastecimento de água de uma cidade catarinense informa em sua fatura a seguinte mensagem: <b>“Uma torneira gotejando desperdiça em média 46 litros por dia.”</b><br>Diante desta informação e considerando que 1 m³ = 1000 litros, pode-se afirmar que o desperdício desta torneira gotejando por um período de 30 dias, em m³, é:</body></html>','<html><body><div style=\"text-align: center;\">(A) 4600 m³</div></body></html>','<html><body><div style=\"text-align: center;\">(B) 1380 m³</div></body></html>','<html><body><div style=\"text-align: center;\">(C) 138 m³</div></body></html>','<html><body><div style=\"text-align: center;\">(D) 1,38 m³</div></body></html>','<html><body><div style=\"text-align: center;\">(E) 0,138 m³</div></body></html>',4,4),(16,'<html><body><b>(IFC 2016)</b> Uma pessoa pagou uma conta no valor de R$ 500,00, usando notas de R$ 5,00 e R$ 10,00. Quantas notas de cada valor ela usou, se o pagamento foi realizado com um total de 60 notas?</body></html>','<html><body><div style=\"text-align: center;\">(A) 20 notas de R$ 5,00 e 40 notas de R$ 10,00. </div></body></html>','<html><body><div style=\"text-align: center;\">(B) 40 notas de R$ 5,00 e 20 notas de R$ 10,00. </div></body></html>','<html><body><div style=\"text-align: center;\">(C) 10 notas de R$ 5,00 e 50 notas de R$ 10,00. </div></body></html>','<html><body><div style=\"text-align: center;\">(D) 25 notas de R$ 5,00 e 35 notas de R$ 10,00. </div></body></html>','<html><body><div style=\"text-align: center;\">(E) 20 notas de R$ 5,00 e 50 notas de R$ 10,00. </div></body></html>	',1,4),(17,'<html><body><b>(IFC 2016)</b> Um anagrama é uma palavra que é construída através do rearranjo das letras de uma outra palavra, utilizando-se todas as letras originais uma única vez. Por exemplo, PERDA e PEDRA são anagramas de PADRE. Quantos anagramas consegue-se formar com a palavra “ALÔ”, incluindo-se esta palavra e aquelas que não fazem sentido?</body></html>','<html><body><div style=\"text-align: center;\">(A) 4 anagramas. </div></body></html>','<html><body><div style=\"text-align: center;\">(B) 2 anagramas. </div></body></html>','<html><body><div style=\"text-align: center;\">(C) 3 anagramas. </div></body></html>','<html><body><div style=\"text-align: center;\">(D) 6 anagramas. </div></body></html>','<html><body><div style=\"text-align: center;\">(E) 5 anagramas. </div></body></html>',4,4),(18,'<html><body><b>(IFC 2016)</b> Leia o texto abaixo e responda a pergunta a seguir:<br><br>Os medicamentos genéricos são medicamentos cujas patentes já expiraram, “contém o mesmo princípio ativo, na mesma dose e forma farmacêutica, é administrado pela mesma via e com a mesma indicação terapêutica do medicamento de referência (...) apresentando a mesma segurança” <br><div style=\"text-align: right;\">Adaptado de: http://portal.anvisa.gov.br/wps/content/Anvisa+Portal/Anvisa/Inicio/Medicamentos/Assunto+de+Interesse/Medicamentos+genericos/Medicamento+generico.</div><br>Carlos Eduardo faz uso de medicamento que é fabricado pelos laboratórios A, B e C.<br>Sabe-se que o medicamento fabricado pelo laboratório B é vendido por 20% menos que o fabricado pelo laboratório A, e que o preço do medicamento fabricado pelo laboratório C é 10% menor que o fabricado pelo laboratório B. Considerando que uma caixa com 30 comprimidos deste medicamento fabricado pelo laboratório A custa R$ 60,00, quanto custa a mesma quantidade deste medicamento fabricado pelo laboratório C?</body></html>','<html><body><div style=\"text-align: center;\">(A) R$ 42,00</div></body></html>','<html><body><div style=\"text-align: center;\">(B) R$ 43,20</div></body></html>','<html><body><div style=\"text-align: center;\">(C) R$ 48,00</div></body></html>','<html><body><div style=\"text-align: center;\">(D) R$ 52,80</div></body></html>','<html><body><div style=\"text-align: center;\">(E) R$ 55,30</div></body></html>',2,4),(19,'<html><body><b>(IFC 2016)</b> Leia o texto abaixo e interprete o gráfico para responder a próxima pergunta:<br>O mercado financeiro sofre mudanças diárias. Um dos reflexos pode ser observado na variação das unidades monetárias de diversos países. O gráfico abaixo mostra a variação do dólar na semana correspondente ao final do mês de setembro e início do mês de outubro de 2015.<br><br><div style=\"text-align: center;\"><img src=\"file:/home/flipifc/Área de Trabalho/FlipIFC/imagensq/mq4.png\" width=\"450\" height=\"230\"></div><br><div style = “text-align: right;”><Fonte: Adaptado de http://economia.uol.com.br/cotacoes/cambio/</div><br>Um investidor comprou 20 dólares no dia 29/09 e mais 30 dólares no dia 01/10. Com base no gráfico, determine quantos reais investiu nas duas compras efetuadas.</body></html>','<html><body><div style=\"text-align: center;\">(A) R$ 50,00</div></body></html>	','<html><body><div style=\"text-align: center;\">(B) R$ 200,00</div></body></html>','<html><body><div style=\"text-align: center;\">(C) R$ 120,00</div></body></html>','<html><body><div style=\"text-align: center;\">(D) R$ 201,50</div></body></html>','<html><body><div style=\"text-align: center;\">(E) R$ 201,00</div></body></html>',5,4),(20,'<html><body><b>(IFC 2016)</b> Um professor de educação física deseja criar, num dos Campus do IFC, uma trilha para corrida e caminhada, informando, através de placas de sinalização, a distância total a ser percorrida. Para determinar esse valor o professor parte de um ponto A, percorre 800 metros para o norte, marcando assim o ponto B. Deste ponto percorre 600 metros para o leste, marcando o ponto C. Com conhecimentos matemáticos, consegue-se determinar, através de cálculos, quantos metros são necessários percorrer do ponto C ao ponto inicial A, em linha reta. Qual é o valor que o professor deverá colocar na placa de sinalização para indicar a distância, em metros, total a ser percorrida?</body></html>','<html><body><div style=\"text-align: center;\">(A) 1400 m</div></body></html>','<html><body><div style=\"text-align: center;\">(B) 2200 m</div></body></html>','<html><body><div style=\"text-align: center;\">(C) 1800 m</div></body></html>','<html><body><div style=\"text-align: center;\">(D) 1000 m</div></body></html>','<html><body><div style=\"text-align: center;\">(E) 2400 m</div></body></html>',5,4),(21,'<html><body><b>(IFC 2015)</b> Durante os meses de junho e julho de 2014, ocorreu a Copa do Mundo no Brasil. Para isso acontecer, vários estádios de futebol foram construídos ou reformados e uma das prioridades foi a padronização no tamanho do campo de futebol. Sendo que o padrão estipulado pela Fifa foi de que a área do gramado do campo tivesse 105 metros de comprimento por 68 metros de largura. Supondo que o metro quadrado de grama custa R$ 8,00, então, o custo em reais, para colocar grama em um campo de futebol com as medidas estabelecidas pela Fifa foi de:</body></html>','<html><body><div style=\"text-align: center;\">(A) R$ 58.120,00. </div></body></html>','<html><body><div style=\"text-align: center;\">(B) R$ 57.120,00. </div></body></html>','<html><body><div style=\"text-align: center;\">(C) R$ 7.140,00. </div></body></html>','<html><body><div style=\"text-align: center;\">(D) R$ 6.032,00. </div></body></html>','<html><body><div style=\"text-align: center;\">(E) R$ 57.328,00. </div></body></html>',2,4),(22,'<html><body><b>(IFC 2015)</b> Ricardo foi viajar com sua família para a cidade do Rio de Janeiro para assistir a um dos jogos da Copa do Mundo. Levou quatro horas para chegar ao destino o que gerou uma velocidade média de 100 km/h. Voltando para casa, pegou congestionamento no trânsito e fez uma velocidade média de 80 km/h. Nas mesmas condições e percorrendo a mesma distância, o tempo que Ricardo levou para retornar foi de: </body></html>','<html><body><div style=\"text-align: center;\">(A) 3 horas e 20 minutos. </div></body></html>','<html><body><div style=\"text-align: center;\">(B) 4 horas. </div></body></html>','<html><body><div style=\"text-align: center;\">(C) 5 horas. </div></body></html>','<html><body><div style=\"text-align: center;\">(D) 3 horas e 12 minutos. </div></body></html>','<html><body><div style=\"text-align: center;\">(E) 5 horas e 20 minutos. </div></body></html>',3,4),(23,'<html><body><b>(IFC 2015)</b> A professora de Matemática de Pedro solicitou aos alunos que fizessem a planta baixa de uma casa e em seguida, confeccionassem uma maquete na escala 1:50 (um para cinquenta). Pedro fez o desenho de sua casa e as dimensões reais da cozinha são de 3 metros de largura por 4 metros de comprimento. Assim, as medidas da cozinha que Pedro deverá fazer no desenho para construir sua maquete são de: </body></html>','<html><body><div style=\"text-align: center;\">(A) 6 cm e 8 cm. </div></body></html>','<html><body><div style=\"text-align: center;\">(B) 3 cm e 4 cm. </div></body></html>','<html><body><div style=\"text-align: center;\">(C) 0,06 cm e 0,08 cm. </div></body></html>','<html><body><div style=\"text-align: center;\">(D) 150 cm e 200 cm. </div></body></html>','<html><body><div style=\"text-align: center;\">(E) 4 cm e 7 cm. </div></body></html>',1,4),(24,'<html><body><b>(IFC 2015)</b> A cidade de Pinheiro Preto, que fica localizada no estado de Santa Catarina, é grande produtora de uva e vinho. Seu João, um pequeno produtor de vinho, guardou 82,5 litros de sua produção num barril, que comporta no máximo 100 litros de vinho. Ele deseja colocar o vinho que está armazenado neste barril, em garrafas de 750 mL. Então, a quantidade de garrafas que seu João irá precisar é de: </body></html>','<html><body><div style=\"text-align: center;\">(A) 82 garrafas. </div></body></html>','<html><body><div style=\"text-align: center;\">(B) 100 garrafas. </div></body></html>','<html><body><div style=\"text-align: center;\">(C) 105 garrafas. </div></body></html>','<html><body><div style=\"text-align: center;\">(D) 110 garrafas. </div></body></html>','<html><body><div style=\"text-align: center;\">(E) 75 garrafas. </div></body></html>',4,4),(25,'<html><body><b>(IFC 2015)</b> Pedro tem em sua residência uma piscina com 8 metros de comprimento, 4 metros de largura e 3 m de altura. Num final de semana, sua filha pequena trouxe seus amigos para passear em sua casa. Então, deixou a piscina com apenas dois terços da sua capacidade total. Sendo assim, o volume de água, em m³, que Pedro colocou na piscina foi de: </body></html>','<html><body><div style=\"text-align: center;\">(A) 144 m³.</div></body></html>','<html><body><div style=\"text-align: center;\">(B) 96 m³.</div></body></html>','<html><body><div style=\"text-align: center;\">(C) 70 m³.</div></body></html>','<html><body><div style=\"text-align: center;\">(D) 100 m³.</div></body></html>','<html><body><div style=\"text-align: center;\">(E) 64 m³.</div></body></html>',5,4),(26,'<html><body><b>(IFC 2015)</b> Jogando um dado de seis faces, como descreve a figura abaixo, qual a probabilidade de sair um número menor que 4?<br><div style=\"text-align: center;\"><img src=\"file:/home/flipifc/Área de Trabalho/FlipIFC/imagensq/mq5.png\" width=\"200\" height=\"190\"></div><br><div style=\"text-align: right;\">Fonte: https://www.google.eom.br/search?q=desenho+de+dados+com+numeros&biw </div></body></html>','<html><body><div style=\"text-align: center;\">(A) A probabilidade de sair um número menor que 4 é 40% de chance. </div></body></html>','<html><body><div style=\"text-align: center;\">(B) A probabilidade de sair um número menor que 4 é 50% de chance. </div></body></html>','<html><body><div style=\"text-align: center;\">(C) A probabilidade de sair um número menor que 4 é 30% de chance. </div></body></html>','<html><body><div style=\"text-align: center;\">(D) A probabilidade de sair um número menor que 4 é 20% de chance. </div></body></html>','<html><body><div style=\"text-align: center;\">(E) A probabilidade de sair um número menor que 4 é 10% de chance. </div></body></html>',2,4),(27,'<html><body><b>(IFC 2015)</b> Dois alpinistas vão escalar uma montanha de 660,50 m de altura. Um deles escala no primeiro dia 153 me no segundo, 144 m. O outro escala 151,5 m no primeiro dia e no dia seguinte 145,5 m. Os dois subiram a mesma distância? Faltam quantos metros ainda para escalar o topo da montanha? </body></html>','<html><body><div style=\"text-align: center;\">(A) Não, para escalar até o topo faltam 297 m. </div></body></html>','<html><body><div style=\"text-align: center;\">(B) Sim, para escalar até o topo faltam 297 m. </div></body></html>','<html><body><div style=\"text-align: center;\">(C) Não, para escalar até o topo faltam 363,5 m. </div></body></html>','<html><body><div style=\"text-align: center;\">(D) Sim, para escalar até o topo faltam 363,5 m. </div></body></html>','<html><body><div style=\"text-align: center;\">(E) Todas as alternativas estão incorretas. </div></body></html>',4,4),(28,'<html><body><b>(IFC 2015)</b> O Cristo Redentor, uma das sete maravilhas do mundo moderno, localizado na cidade do Rio de Janeiro, Brasil, tem 38 metros de altura e é 55 metros mais baixo que a Estátua da Liberdade, monumento de Nova Iorque, EUA. Também, ele é 8,5 vezes mais baixo que a Torre Eiffel, localizada em Paris, um ícone mundial da França. A altura da Estátua da Liberdade e da Torre Eiffel é, respectivamente: </body></html>','<html><body><div style=\"text-align: center;\">(A) 93m e 323m. </div></body></html>','<html><body><div style=\"text-align: center;\">(B) 93m e 790m. </div></body></html>','<html><body><div style=\"text-align: center;\">(C) 17m e 323m. </div></body></html>','<html><body><div style=\"text-align: center;\">(D) 17m e 304m. </div></body></html>','<html><body><div style=\"text-align: center;\">(E) 93m e 604m. </div></body></html>',1,4),(29,'<html><body><b>(IFC 2014)</b> Um terreno tem 600 metros quadrados. Nele a área livre é igual à quinta parte da área construída. Assinale a alternativa que corresponde à área construída. </body></html>','<html><body><div style=\"text-align: center;\">(A) 100 metros quadrados</div></body></html>','<html><body><div style=\"text-align: center;\">(B) 400 metros quadrados</div></body></html>','<html><body><div style=\"text-align: center;\">(C) 160 metros quadrados</div></body></html>','<html><body><div style=\"text-align: center;\">(D) 500 metros quadrados</div></body></html>','<html><body><div style=\"text-align: center;\">(E) 200 metros quadrados</div></body></html>',4,4),(30,'<html><body><b>(IFC 2014)</b> Duas pessoas têm juntas 80 anos. Subtraindo 8 anos da idade da mais velha e acrescentando 18 anos na idade da mais jovem, as idades ficam iguais. Qual é a idade de cada pessoa? </body></html>','<html><body><div style=\"text-align: center;\">(A) 60 e 20 anos</div></body></html>','<html><body><div style=\"text-align: center;\">(B) 55 e 25 anos</div></body></html>','<html><body><div style=\"text-align: center;\">(C) 50 e 30 anos</div></body></html>','<html><body><div style=\"text-align: center;\">(D) 53 e 27 anos</div></body></html>','<html><body><div style=\"text-align: center;\">(E) Nenhuma das alternativas anteriores</div></body></html>',4,4),(31,'<html><body><b>(IFC 2014)</b> Sabendo que Y=3X³-I5X² -6X+36 e Y=3X²-I8X² +45 qual o valor de X+Y? </body></html>','<html><body><div style=\"text-align: center;\">(A) -33 e 23</div></body></html>','<html><body><div style=\"text-align: center;\">(B) 30 e 26</div></body></html>','<html><body><div style=\"text-align: center;\">(C) 33 e 26</div></body></html>','<html><body><div style=\"text-align: center;\">(D) 36 e 45</div></body></html>','<html><body><div style=\"text-align: center;\">(E) 23 e 33</div></body></html>',1,4),(32,'<html><body><b>(IFC 2014)</b> Qual o valor da expressão W = &radic;<span style=\"text-decoration:overline;\">27</span> - 3&radic;<span style=\"text-decoration:overline;\">3</span></body></html>','<html><body><div style=\"text-align: center;\">(A) 3</div></body></html>','<html><body><div style=\"text-align: center;\">(B) 2</div></body></html>','<html><body><div style=\"text-align: center;\">(C) 0</div></body></html>','<html><body><div style=\"text-align: center;\">(D) -3</div></body></html>','<html><body><div style=\"text-align: center;\">(E) -2</div></body></html>',3,4),(33,'<html><body><b>(IFC 2018)</b> <br><b>Três tartarugas são encontradas mortas em rede de pesca na praia da Pinheira, em Palhoça</b><br>A equipe do Projeto de Monitoramento de Praias da Bacia de Santos (PMP-BS) encontrou três tartarugas verdes (<i>Chelonia mydas</i>) presas em uma rede de pesca na praia da Pinheira, em Palhoça. A rede, localizada durante o monitoramento diário, estava abandonada em uma duna de areia e os animais em estado de decomposição avançado. Todas as tartarugas eram jovens.<br>Segundo o Projeto Baleia Franca, que divulgou a ocorrência, a pesca incidental é uma grande ameaça para a conservação da vida nos mares, por isso, é necessária a sensibilização e colaboração da comunidade para preservar o ambiente marinho.<br>A orientação em caso de presenciar algum animal encalhado na praia – vivo ou morto – é entrar em contato com o PMP-BS pelo telefone 0800 642 3341, fornecendo o local e outras informações que possam ser úteis aos profissionais.<br><div style=\"text-align: right;\"> (Disponível em: < http://dc.clicrbs.com.br/sc/estilo-de-vida/noticia/2017/07/tres-tartarugas-sao-encontradas-mortas-em-rede-de-pesca-na-praia-da-pinheira-em-palhoca-9853708.html >. Acesso em: 10 jul. 2017.)</div><br>Em relação ao texto “Três tartarugas são encontradas mortas em rede de pesca na praia da Pinheira, em Palhoça”, é correto afirmar que: </body></html>','<html><body><div style=\"text-align: center;\">(A) as palavras empregadas são ambíguas, gerando mais de uma interpretação do fato. </div></body></html>','<html><body><div style=\"text-align: center;\">(B) a intenção do emissor é informar objetivamente um fato. </div></body></html>','<html><body><div style=\"text-align: center;\">(C) a linguagem tem um tom subjetivo e pessoal. </div></body></html>','<html><body><div style=\"text-align: center;\">(D) a informação é apresentada de modo impreciso. </div></body></html>','<html><body><div style=\"text-align: center;\">(E) o foco do texto é convencer o leitor. </div></body></html>',2,3),(34,'<html><body><b>(IFC 2018)</b> <br><b>Três tartarugas são encontradas mortas em rede de pesca na praia da Pinheira, em Palhoça</b><br>A equipe do Projeto de Monitoramento de Praias da Bacia de Santos (PMP-BS) encontrou três tartarugas verdes (<i>Chelonia mydas</i>) presas em uma rede de pesca na praia da Pinheira, em Palhoça. A rede, localizada durante o monitoramento diário, estava abandonada em uma duna de areia e os animais em estado de decomposição avançado. Todas as tartarugas eram jovens.<br>Segundo o Projeto Baleia Franca, que divulgou a ocorrência, a pesca incidental é uma grande ameaça para a conservação da vida nos mares, por isso, é necessária a sensibilização e colaboração da comunidade para preservar o ambiente marinho.<br>A orientação em caso de presenciar algum animal encalhado na praia – vivo ou morto – é entrar em contato com o PMP-BS pelo telefone 0800 642 3341, fornecendo o local e outras informações que possam ser úteis aos profissionais.<br><div style=\"text-align: right;\"> (Disponível em: < http://dc.clicrbs.com.br/sc/estilo-de-vida/noticia/2017/07/tres-tartarugas-sao-encontradas-mortas-em-rede-de-pesca-na-praia-da-pinheira-em-palhoca-9853708.html >. Acesso em: 10 jul. 2017.)</div><br>Considerando o texto que você leu – “Três tartarugas são encontradas mortas em rede de pesca na praia da Pinheira, em Palhoça” –, no trecho “Segundo o Projeto Baleia Franca, que divulgou a ocorrência, a pesca incidental é uma grande ameaça para a conservação da vida nos mares”, a palavra “incidental” pode ser substituída, sem prejuízo para o sentido do texto, por: </body></html>','<html><body><div style=\"text-align: center;\">(A) acidental </div></body></html>','<html><body><div style=\"text-align: center;\">(B) previsível </div></body></html>','<html><body><div style=\"text-align: center;\">(C) proposital </div></body></html>','<html><body><div style=\"text-align: center;\">(D) predatória </div></body></html>','<html><body><div style=\"text-align: center;\">(E) repetitiva </div></body></html>',1,3),(35,'<html><body><b>(IFC 2018)</b> <br><b>Três tartarugas são encontradas mortas em rede de pesca na praia da Pinheira, em Palhoça</b><br>A equipe do Projeto de Monitoramento de Praias da Bacia de Santos (PMP-BS) encontrou três tartarugas verdes (<i>Chelonia mydas</i>) presas em uma rede de pesca na praia da Pinheira, em Palhoça. A rede, localizada durante o monitoramento diário, estava abandonada em uma duna de areia e os animais em estado de decomposição avançado. Todas as tartarugas eram jovens.<br>Segundo o Projeto Baleia Franca, que divulgou a ocorrência, a pesca incidental é uma grande ameaça para a conservação da vida nos mares, por isso, é necessária a sensibilização e colaboração da comunidade para preservar o ambiente marinho.<br>A orientação em caso de presenciar algum animal encalhado na praia – vivo ou morto – é entrar em contato com o PMP-BS pelo telefone 0800 642 3341, fornecendo o local e outras informações que possam ser úteis aos profissionais.<br><div style=\"text-align: right;\"> (Disponível em: < http://dc.clicrbs.com.br/sc/estilo-de-vida/noticia/2017/07/tres-tartarugas-sao-encontradas-mortas-em-rede-de-pesca-na-praia-da-pinheira-em-palhoca-9853708.html >. Acesso em: 10 jul. 2017.)</div><br>Considerando o texto que você leu – “Três tartarugas são encontradas mortas em rede de pesca na praia da Pinheira, em Palhoça” –, no trecho “a pesca incidental é uma grande ameaça para a conservação da vida nos mares, por isso, é necessária a sensibilização e colaboração da comunidade para preservar o ambiente marinho.”, a conjunção em destaque pode ser substituída, sem que haja alteração de sentido, por: </body></html>','<html><body><div style=\"text-align: center;\">(A)já que </div></body></html>','<html><body><div style=\"text-align: center;\">(B)contanto </div></body></html>','<html><body><div style=\"text-align: center;\">(C)porque </div></body></html>','<html><body><div style=\"text-align: center;\">(D)portanto </div></body></html>','<html><body><div style=\"text-align: center;\">(E)mas</div></body></html>',4,3),(36,'<html><body><b>(IFC 2018)</b> Leia o trecho do Estatuto da Criança e do Adolescente. <br><div style=\"text-align: center;\">Título I <br>Das Disposições Preliminares</div><br>Art. 1º Esta Lei dispõe sobre a proteção integral à criança e ao adolescente. <br>Art. 2º Considera-se criança, para os efeitos desta Lei, a pessoa até doze anos de idade incompletos, e adolescente aquela entre doze e dezoito anos de idade. <br>Parágrafo único. Nos casos expressos em lei, aplica-se excepcionalmente este Estatuto às pessoas entre dezoito e vinte e um anos de idade. <br><div style=\"text-align: right;\">(BRASIL. Estatuto da Criança e do Adolescente/ ECA Lei Federal n° 8069, de 13 de julho de 1990.) </div><br>Segundo o trecho acima, o objetivo principal do Estatuto da Criança e do Adolescente é: </body></hmtl>.','<html><body><div style=\"text-align: center;\">(A) Estabelecer normas que protejam a criança e o adolescente. </div></body></html>','<html><body><div style=\"text-align: center;\">(B) Fazer uma comparação entre a criança e o adolescente. </div></body></html>','<html><body><div style=\"text-align: center;\">(C) Apresentar dados sobre crianças e adolescentes. </div></body></html>','<html><body><div style=\"text-align: center;\">(D) Argumentar sobre o conceito de criança e de adolescente. </div></body></html>','<html><body><div style=\"text-align: center;\">(E) Detalhar sobre casos que fogem à lei. </div></body></html>',1,3),(37,'<html><body><b>(IFC 2018)</b> Leia atentamente a notícia: <br><b><i>Prefa</i> vai ampliar escolas e construir nova creche</b><br> A <i>Prefa</i> de Caçador vai ampliar as escolas Padre José Chamot e Vereda dos Trevos e, assim, aumentar o número de vagas para a educação infantil e ensino fundamental. A decisão foi tomada pelo prefeito que <i>deu um bizu</i> nas duas escolas, acompanhado do secretário de Administração, da secretária de Educação e do coordenador Geral de Educação. A ampliação <i>deve rolar</i> ainda neste ano. <br><div style=\"text-align: right;\"> (Disponível em: < http://www.cacadorurgente.com.br/noticia/1746> [Adaptado]. Acesso em: 28 jul. 2017.) </div><br>No texto da notícia, podem ser observados exemplos de variações de uso da linguagem, como “<i>prefa”, “deu um bizu</i>” e “<i>deve rolar</i>”. Tais registros são denominados como: </body></hmtl>','<html><body><div style=\"text-align: center;\">(A) norma culta</div></body></html>','<html><body><div style=\"text-align: center;\">(B) variações de faixa etária </div></body></html>','<html><body><div style=\"text-align: center;\">(C) variedade padrão </div></body></html>','<html><body><div style=\"text-align: center;\">(D) variação histórica ortográfica </div></body></html>','<html><body><div style=\"text-align: center;\">(E) variedades populares</div></body></html>',5,3),(38,'<html><body><b>(IFC 2018)</b> Analise a charge:<br><div style=\"text-align: center;\"><img src=\"file:/home/flipifc/Área de Trabalho/FlipIFC/imagensq/pq1.png\" width=\"400\" height=\"240\"></div><br><div style=\"text-align: right;\">(Disponível em: http://chargesbruno.blogspot.com.br/. Acesso em: 20 jun. 2017.) </div><br>Com base nos elementos verbais e não-verbais, assinale a alternativa que apresenta a interpretação adequada ao texto:</body></html>','<html><body><div style=\"text-align: center;\">(A) As redes sociais podem ser úteis para caridade, pesquisa, atendimento ao cliente, geração de conteúdos e comunicação rápida. </div></body></html>','<html><body><div style=\"text-align: center;\">(B) Todas as pessoas são influenciadas de forma positiva pelas redes sociais. </div></body></html>','<html><body><div style=\"text-align: center;\">(C) As redes sociais contribuem para a construção de laços afetivos. </div></body></html>','<html><body><div style=\"text-align: center;\">(D) O uso de redes sociais se caracteriza prioritariamente como meio para construir novas amizades independentemente da classe social dos grupos. </div></body></html>','<html><body><div style=\"text-align: center;\">(E) As redes sociais, como o Facebook, têm influenciado comportamentos nos espaços de convivência social. </div></body></html>',5,3),(39,'<html><body><b>(IFC 2017)</b> Leia a tirinha abaixo: <br><div style=\"text-align: center;\"><img src=\"file:/home/flipifc/Área de Trabalho/FlipIFC/imagensq/pq2.png\" width=\"500\" height=\"166\"></div><br><div style=\"text-align: right;\">Fonte: https://www.facebook.com/tirasarmandinho/. Acesso em: 9 jul. 2016.</div><br>O processo de nominalização consiste em transformar palavras de outras classes em substantivo, permitindo, assim, que a linguagem se torne mais expressiva. A palavra da tirinha apresentada que sofre esse processo é: </body></html>','<html><body><div style=\"text-align: center;\">(A) mochila (3º quadrinho) </div></body></html>','<html><body><div style=\"text-align: center;\">(B) prova (1º quadrinho) </div></body></html>','<html><body><div style=\"text-align: center;\">(C) pudim (2º quadrinho) </div></body></html>','<html><body><div style=\"text-align: center;\">(D) cola (2º quadrinho) </div></body></html>','<html><body><div style=\"text-align: center;\">(E) dez (1º quadrinho) </div></body></html>',5,3),(40,'<html><body><b>(IFC 2017)</b> <b><i>CHIKUNGUNYA</i> DESAFIA CIÊNCIA E JÁ MATA MAIS QUE DENGUE E ZIKA NO NORDESTE</b> <br>	O alto número de mortes confirmadas por <i>Chikungunya</i> no Nordeste está desafiando médicos e pesquisadores a buscar explicações do porquê de uma doença de taxa de mortalidade baixa apresentar saltos fora do padrão normal. A doença é transmitida pelos mosquitos <i>Aedes aegypti</i> e <i>Aedes albopictus</i>.<br> 	A <i>Chikungunya</i> foi motivo confirmado de 45 mortes no 1° semestre na região, contra 35 mortes por dengue e cinco pelo vírus da zika. O número de mortes ainda deve crescer consideravelmente, já que há outras 400 mortes por arboviroses em investigação nesses Estados, todas sem causa confirmada. <br>	O levantamento inclui dados das secretarias estaduais de Alagoas, Bahia, Ceará, Maranhão, Paraíba, Pernambuco, Piauí e Rio Grande do Norte. O governo de Sergipe não indica a quantidade de mortes em seus boletins divulgados nem a secretaria estadual de Saúde informou o número.<br>	 O Nordeste é a região do Brasil que mais sofre com o vírus, segundo o Ministério da Saúde. Até o fim de maio, 107 mil pessoas foram infectadas pela febre <i>Chikungunya</i> -a região tem 87% das infecções registradas em todo o país. O número de pessoas infectadas no Brasil em 2016 já é quase nove vezes maior que as registradas em todo o ano passado: 13 mil.<br>	 Assim como dengue e zika, não existe um tratamento específico para <i>Chikungunya</i>. Os sintomas são tratados com medicação para a febre e dores articulares.<br><div style=\"text-align: right;\">(Fonte: MADEIRO, C. <b><i>Chikungunya</i> desafia ciência e já mata mais que dengue e zika no Nordeste</b>. Disponível em: < http://noticias.uol.com.br/saude/ultimas-noticias/redacao/2016/07/12/<i>Chikungunya</i>-desafia-ciencia-e-ja-mata-mais-que-dengue-ezika-juntos-no-ne.htm>. Acesso em: 12.jul. 2016.)</div><br>Segundo o texto “<i>Chikungunya</i> desafia ciência e já mata mais que dengue e zika no Nordeste”, é correto afirmar: </body></html>','<html><body><div style=\"text-align: center;\">(A) A <i>Chikungunya</i> é uma doença transmitida pelos mosquitos Aedes aegypti e Aedes albopictus, especialmente por este último mosquito que também transmite a dengue. </div></body></html>','<html><body><div style=\"text-align: center;\">(B) Em comparação entre as mortes ocasionadas pela <i>Chikungunya</i> e pela dengue, no primeiro semestre de 2016, a última liderou com 45 mortes registradas. </div></body></html>','<html><body><div style=\"text-align: center;\">(C) O Nordeste possui o maior número de infectados pelo vírus <i>Chikungunya</i>, mas é na região central onde existe o maior número de mortes por causa da doença. </div></body></html>','<html><body><div style=\"text-align: center;\">(D) O alto número de pessoas levadas a óbito por <i>Chikungunya</i> no Nordeste tem chamado a atenção de pesquisadores e médicos por normalmente ser uma doença com baixa mortalidade. </div></body></html>','<html><body><div style=\"text-align: center;\">(E) O vírus <i>Chikungunya</i> no Brasil é altamente perigoso e o mais agressivo já registrado nas últimas décadas. </div></body></html>',4,3),(41,'<html><body><b>(IFC 2017)</b> <b><i>CHIKUNGUNYA</i> DESAFIA CIÊNCIA E JÁ MATA MAIS QUE DENGUE E ZIKA NO NORDESTE</b> <br>	O alto número de mortes confirmadas por <i>Chikungunya</i> no Nordeste está desafiando médicos e pesquisadores a buscar explicações do porquê de uma doença de taxa de mortalidade baixa apresentar saltos fora do padrão normal. A doença é transmitida pelos mosquitos <i>Aedes aegypti</i> e <i>Aedes albopictus</i>.<br> 	A <i>Chikungunya</i> foi motivo confirmado de 45 mortes no 1° semestre na região, contra 35 mortes por dengue e cinco pelo vírus da zika. O número de mortes ainda deve crescer consideravelmente, já que há outras 400 mortes por arboviroses em investigação nesses Estados, todas sem causa confirmada. <br>	O levantamento inclui dados das secretarias estaduais de Alagoas, Bahia, Ceará, Maranhão, Paraíba, Pernambuco, Piauí e Rio Grande do Norte. O governo de Sergipe não indica a quantidade de mortes em seus boletins divulgados nem a secretaria estadual de Saúde informou o número.<br>	 O Nordeste é a região do Brasil que mais sofre com o vírus, segundo o Ministério da Saúde. Até o fim de maio, 107 mil pessoas foram infectadas pela febre <i>Chikungunya</i> -a região tem 87% das infecções registradas em todo o país. O número de pessoas infectadas no Brasil em 2016 já é quase nove vezes maior que as registradas em todo o ano passado: 13 mil.<br>	 Assim como dengue e zika, não existe um tratamento específico para <i>Chikungunya</i>. Os sintomas são tratados com medicação para a febre e dores articulares.<br><div style=\"text-align: right;\">(Fonte: MADEIRO, C. <b><i>Chikungunya</i> desafia ciência e já mata mais que dengue e zika no Nordeste</b>. Disponível em: < http://noticias.uol.com.br/saude/ultimas-noticias/redacao/2016/07/12/<i>Chikungunya</i>-desafia-ciencia-e-ja-mata-mais-que-dengue-ezika-juntos-no-ne.htm>. Acesso em: 12.jul. 2016.)</div><br>Na frase: “o alto número de mortes confirmadas por <i>chikungunya</i> no Nordeste está desafiando médicos e pesquisadores a buscar explicações do porquê de uma doença de taxa de mortalidade baixa apresentar saltos fora do padrão normal”, a palavra destacada pode ser substituída, sem alteração de sentido, por: </body></html>','<html><body><div style=\"text-align: center;\">(A) Obrigando </div></body></html>','<html><body><div style=\"text-align: center;\">(B) Acalentando </div></body></html>','<html><body><div style=\"text-align: center;\">(C) Provocando </div></body></html>','<html><body><div style=\"text-align: center;\">(D) Desatinando </div></body></html>','<html><body><div style=\"text-align: center;\">(E) Operando</div></body></html>',3,3),(42,'<html><body><b>(IFC 2016)</b> Leia o texto e responda:<br><div style=\"text-align: center;\"><b>TRABALHAR FORA</b></div><br>Um novo estudo da Harvard Bussiness School prova que ter uma mãe que trabalha fora de casa tem vantagens, ao contrário do que diz o senso comum. A pesquisa, liderada pela professora Kathleen McGinn, aponta que as filhas de mães que trabalham ganham salários 23% mais altos e 33% delas ocupam cargos de supervisão, contra apenas 25% das rebentas de mães que ficam em casa. Para os filhos de trabalhadoras, os efeitos são diferentes, mas ainda assim positivos: eles gastam mais tempo cuidando da casa e da família – uma média de 16 horas por semana, contra 8 horas do outro grupo.<br><div style=\"text-align: right;\"> (Fonte: FERNANDES, Ana Luísa, Revista Superinteressante, p.13, julho 2015.)</div><br>Assinale a alternativa correta segundo o texto:</body></html>','<html><body><div style=\"text-align: center;\">(A) Os filhos e filhas das mulheres que trabalham fora são beneficiados. </div></body></html>','<html><body><div style=\"text-align: center;\">(B) Os filhos são prejudicados e as filhas beneficiadas. </div></body></html>','<html><body><div style=\"text-align: center;\">(C) As filhas são prejudicadas e os filhos beneficiados. </div></body></html>','<html><body><div style=\"text-align: center;\">(D) Só as mulheres se beneficiam do fato de trabalhar fora. </div></body></html>','<html><body><div style=\"text-align: center;\">(E) Só as filhas de mães que ficam em casa têm sucesso profissional. </div></body></html>',1,3),(43,'<html><body><b>(IFC 2016)</b> Leia o texto e responda:<br><div style=\"text-align: center;\"><b>TRABALHAR FORA</b></div><br>Um novo estudo da Harvard Bussiness School prova que ter uma mãe que trabalha fora de casa tem vantagens, ao contrário do que diz o senso comum. A pesquisa, liderada pela professora Kathleen McGinn, aponta que as filhas de mães que trabalham ganham salários 23% mais altos e 33% delas ocupam cargos de supervisão, contra apenas 25% das rebentas de mães que ficam em casa. Para os filhos de trabalhadoras, os efeitos são diferentes, mas ainda assim positivos: eles gastam mais tempo cuidando da casa e da família – uma média de 16 horas por semana, contra 8 horas do outro grupo.<br><div style=\"text-align: right;\"> (Fonte: FERNANDES, Ana Luísa, Revista Superinteressante, p.13, julho 2015.)</div><br>Considerando as formas nominais dos verbos, temos, respectivamente, infinitivo, gerúndio e particípio em qual alternativa?</body></html>','<html><body><div style=\"text-align: center;\">(A) liderada, gastam, ter</div></body></html>','<html><body><div style=\"text-align: center;\">(B) ganham, cuidando, contra</div></body></html>','<html><body><div style=\"text-align: center;\">(C) ter, cuidando, liderada</div></body></html>','<html><body><div style=\"text-align: center;\">(D) trabalham, apontam, liderada</div></body></html>','<html><body><div style=\"text-align: center;\">(E) cuidando, ter, liderada</div></body></html>',3,3),(44,'<html><body><b>(IFC 2016)</b> Leia o texto e responda:<br><div style=\"text-align: center;\"><b>TRABALHAR FORA</b></div><br>Um novo estudo da Harvard Bussiness School prova que ter uma mãe que trabalha fora de casa tem vantagens, ao contrário do que diz o senso comum. A pesquisa, liderada pela professora Kathleen McGinn, aponta que as filhas de mães que trabalham ganham salários 23% mais altos e 33% delas ocupam cargos de supervisão, contra apenas 25% das rebentas de mães que ficam em casa. Para os filhos de trabalhadoras, os efeitos são diferentes, mas ainda assim positivos: eles gastam mais tempo cuidando da casa e da família – uma média de 16 horas por semana, contra 8 horas do outro grupo.<br><div style=\"text-align: right;\"> (Fonte: FERNANDES, Ana Luísa, Revista Superinteressante, p.13, julho 2015.)</div><br>Na frase “A pesquisa, liderada pela professora Kathleen McGinn”, a palavra grifada é:</body></html>','<html><body><div style=\"text-align: center;\">(A) contração da preposição com pronome</div></body></html>','<html><body><div style=\"text-align: center;\">(B) contração da preposição com artigo</div></body></html>','<html><body><div style=\"text-align: center;\">(C) combinação da preposição com artigo</div></body></html>','<html><body><div style=\"text-align: center;\">(D) combinação da preposição com pronome</div></body></html>','<html><body><div style=\"text-align: center;\">(E) combinação de pronome e artigo</div></body></html>',2,3),(45,'<html><body><b>(IFC 2016)</b> Leia o texto e responda:<br><div style=\"text-align: center;\"><b>DAS UTOPIAS</b><br>Se as coisas são inatingíveis... ora!<br>Não é motivo para não querê-las<br>Que tristes os caminhos, se não fora<br>A presença distante das estrelas! </div><br><div style=\"text-align: right;\"> (Fonte: QUINTANA, Mario. Rua dos cataventos e outros poemas, L&PM. Porto Alegre, 2008.)</div><br>Observe o verso “Não é motivo para não querê-las”. O elemento grifado é um pronome e se refere a qual palavra?</body></html>','<html><body><div style=\"text-align: center;\">(A) caminhos</div></body></html>','<html><body><div style=\"text-align: center;\">(B) estrelas</div></body></html>','<html><body><div style=\"text-align: center;\">(C) utopias</div></body></html>','<html><body><div style=\"text-align: center;\">(D) inatingíveis</div></body></html>','<html><body><div style=\"text-align: center;\">(E) coisas</div></body></html>',5,3),(46,'<html><body><b>(IFC 2016)</b> Leia o texto e responda:<br><div style=\"text-align: center;\"><b>DAS UTOPIAS</b><br>Se as coisas são inatingíveis... ora!<br>Não é motivo para não querê-las<br>Que tristes os caminhos, se não fora<br>A presença distante das estrelas! </div><br><div style=\"text-align: right;\"> (Fonte: QUINTANA, Mario. Rua dos cataventos e outros poemas, L&PM. Porto Alegre, 2008.)</div><br>As palavras “inatingíveis”, “tristes”, “distante” pertencem a qual classe gramatical?</body></html>','<html><body><div style=\"text-align: center;\">(A) Verbos</div></body></html>','<html><body><div style=\"text-align: center;\">(B) Advérbios</div></body></html>','<html><body><div style=\"text-align: center;\">(C) Substantivos</div></body></html>','<html><body><div style=\"text-align: center;\">(D) Adjetivos</div></body></html>','<html><body><div style=\"text-align: center;\">(E) Pronomes</div></body></html>',4,3),(47,'<html><body><b>(IFC 2016)</b> Leia o refrão da música “Vou pra Santa Catarina”, do grupo Terceira Dimensão, e responda:<br> <br><div style=\"text-align: center;\">“[…] Talvez esteja em Jaraguá,<br>Joinville ou Blumenau,<br>lá por Santa Catarina.<br>Ou talvez em Rio do Sul,<br>ou Timbó, ou Indaial,<br>sei que é linda esta menina […]”<br><br></div><div style=\"text-align: right;\"> (Disponível em: < http://www.letras.com.br/#!terceira-dimensao/vou-pra-santa-catarina>. Acesso em: 07 de jul. de 2015.)</div><br>Percebe-se que o locutor não está no estado de Santa Catarina a partir do advérbio de lugar:</body></html>','<html><body><div style=\"text-align: center;\">(A) ou</div></body></html>','<html><body><div style=\"text-align: center;\">(B) linda</div></body></html>','<html><body><div style=\"text-align: center;\">(C) talvez</div></body></html>','<html><body><div style=\"text-align: center;\">(D) lá</div></body></html>','<html><body><div style=\"text-align: center;\">(E) menina</div></body></html>',4,3),(48,'<html><body><b>(IFC 2016)</b> Leia a tirinha abaixo:<br><div style=\"text-align: center;\"><img src=\"file:/home/flipifc/Área de Trabalho/FlipIFC/imagensq/pq3.png\" width=\"600\" height=\"220\"><br>Toda Mafalda. São Paulo: Martins Fontes, 2003.</div><br>De acordo com a tirinha, no segundo quadrinho, Mafalda constata que a maioria das pessoas são:</body></html>','<html><body><div style=\"text-align: center;\">(A) más</div></body></html>','<html><body><div style=\"text-align: center;\">(B) boas</div></body></html>','<html><body><div style=\"text-align: center;\">(C) estranhas</div></body></html>','<html><body><div style=\"text-align: center;\">(D) corajosas</div></body></html>','<html><body><div style=\"text-align: center;\">(E) estudiosas</div></body></html>',1,3),(49,'<html><body><b>(IFC 2015)</b> Leia com atenção a tira abaixo, do escritor Quino, e responda:<br><div style=\"text-align: center;\"><img src=\"file:/home/flipifc/Área de Trabalho/FlipIFC/imagensq/pq4.png\" width=\"600\" height=\"190\"><br>Toda Mafalda. Editora Martins: São Paulo, 2010.</div><br>Quando Susanita diz à Mafalda que “<b>a gente</b> deste país não quer trabalhar” (segundo quadrinho), ela está se referindo a:</body></html>','<html><body><div style=\"text-align: center;\">(A) Os outros. </div></body></html>','<html><body><div style=\"text-align: center;\">(B) Nós, incluindo Susanita. </div></body></html>','<html><body><div style=\"text-align: center;\">(C) Eles, sem incluir Susanita e sua amiga Mafalda. </div></body></html>','<html><body><div style=\"text-align: center;\">(D) Sua amiga Mafalda. </div></body></html>','<html><body><div style=\"text-align: center;\">(E) Qualquer pessoa, exceto a Susanita. </div></body></html>',2,3),(50,'<html><body><b>(IFC 2015)</b> Leia o trecho da música “Dias de luta, dias de glória”, da Banda Charlie Brown Jr e responda:<br><br><div style=\"text-align: center;\">Eu sou feliz e <b><span style=\"text-decoration: underline;\">rodo</b></span> pelo mundo<br>Sou correria mas também sou vagabundo<br><b><span style=\"text-decoration: underline;\">Mas</span></b> hoje dou valor de verdade pra minha saúde<br>Pra minha liberdade<br>Que bom te encontrar nessa cidade<br>Esse brilho intenso me lembra você<br>História, nossas histórias<br>Dias de luta, dias de glória […]<br><br></div><div style=\"text-align: right;\"> (Disponível em: < http://www.vagalume.com.br/charlie-brown-jr/dias-de-luta-dias-de-gloria.html>. Acesso em: 20 de agosto de 2014.)</div><br>A palavra “rodo”, sublinhada no texto, pode ser substituída, sem alteração de sentido, por:</body></html>','<html><body><div style=\"text-align: center;\">(A) <b>Construo</b> esse mundo. </div></body></html>','<html><body><div style=\"text-align: center;\">(B) <b>Brinco</b> pelo mundo. </div></body></html>','<html><body><div style=\"text-align: center;\">(C) <b>Pertenço</b> a este mundo. </div></body></html>','<html><body><div style=\"text-align: center;\">(D) <b>Paro</b> no mundo. </div></body></html>','<html><body><div style=\"text-align: center;\">(E) <b>Ando</b> pelo mundo. </div></body></html>',5,3),(51,'<html><body><b>(IFC 2015)</b> Leia o trecho da música “Dias de luta, dias de glória”, da Banda Charlie Brown Jr e responda:<br><br><div style=\"text-align: center;\">Eu sou feliz e <b><span style=\"text-decoration: underline;\">rodo</b></span> pelo mundo<br>Sou correria mas também sou vagabundo<br><b><span style=\"text-decoration: underline;\">Mas</span></b> hoje dou valor de verdade pra minha saúde<br>Pra minha liberdade<br>Que bom te encontrar nessa cidade<br>Esse brilho intenso me lembra você<br>História, nossas histórias<br>Dias de luta, dias de glória […]<br><br></div><div style=\"text-align: right;\"> (Disponível em: < http://www.vagalume.com.br/charlie-brown-jr/dias-de-luta-dias-de-gloria.html>. Acesso em: 20 de agosto de 2014.)</div><br>Em relação à música da Banda Charlie Brow Jr, na frase “<b>Mas</b> hoje dou valor de verdade pra minha saúde”, a palavra sublinhada dá ideia de:</body></html>','<html><body><div style=\"text-align: center;\">(A) Alternância. </div></body></html>','<html><body><div style=\"text-align: center;\">(B) Finalidade. </div></body></html>','<html><body><div style=\"text-align: center;\">(C) Oposição. </div></body></html>','<html><body><div style=\"text-align: center;\">(D) Conclusão. </div></body></html>','<html><body><div style=\"text-align: center;\">(E) Comparação. </div></body></html>',3,3),(52,'<html><body><b>(IFC 2015)</b> Leia a fábula de Esopo com atenção e responda:<br><div style=\"text-align: center;\"><b>Os lobos e os cordeiros</b></div><br>Alguns lobos queriam surpreender um rebanho de cordeiros. Como não podiam pegálos, porque havia cães tomando conta deles, <span style=\"text-decoration: underline;\"><b>viram</b></span> que seria preciso usar de uma artimanha para fazer isso. E, tendo enviado representantes deles aos cordeiros, diziam que os cães eram os culpados de sua inimizade e que, se eles lhes entregassem os cães, haveria paz entre os lobos e os cordeiros. Os cordeiros, sem imaginar o que lhes ria acontecer, entregaram os cães aos lobos, que, desse modo, facilmente acabaram com o rebanho, que ficara sem guarda.<br><div style=\"text-align: right;\"> (Esopo: Fábulas completas. Trad. De Neide Smolka. In: FERNANDES, M. T. <b>Fábula</b>. FTD: São Paulo, 2011.)</div><br>Na frase “[...] <span style=\"text-decoration: underline;\"><b>viram</b></span> que seria preciso usar de uma artimanha para fazer isso [...], a palavra destacada refere-se:</body></html>','<html><body><div style=\"text-align: center;\">(A) Aos lobos. </div></body></html>','<html><body><div style=\"text-align: center;\">(B) Aos cordeiros. </div></body></html>','<html><body><div style=\"text-align: center;\">(C) Aos cães. </div></body></html>','<html><body><div style=\"text-align: center;\">(D) Ao rebanho. </div></body></html>','<html><body><div style=\"text-align: center;\">(E) A todos os animais. </div></body></html>',1,3),(53,'<html><body><b>(IFC 2015)</b> Leia o texto abaixo e responda:<br>Querido ser que está lendo meu diário, <br>Você tem certeza de que deveria estar lendo o diário de outra pessoa? Talvez eu tenha dito que você podia ler, aí tudo bem. Mas, se você é a Angelina, eu NÃO dou permissão para que você leia, então pare já. Se você é meu pai ou minha mãe, SIM, eu sei que não devo chamar as pessoas de idiotas, manés, abobadas, minhoquentas, tapadas e coisa e tal, mas isto é um diário e na verdade eu não estou \"chamando\" ninguém de nada. Eu escrevi isto. E, se vocês brigarem comigo por causa disso, então eu vou saber que leram meu diário, apesar de eu não ter dado permissão para vocês lerem. Agora, pelos poderes que fui investida, prometo que todas as palavras deste diário são verdadeiras ou, pelo menos, tão verdadeiras quanto eu acho que têm que ser.<br><div style=\"text-align: right;\">Assinado,<br>Jamie Kelly<br><br>(BENTON, Jim. Querido diário otário 1: é melhor fingir que isso nunca aconteceu. São Paulo: Fundamento.)</div><br>No início do diário, a quem se dirige a autora?</body></html>','<html><body><div style=\"text-align: center;\">(A) A ela mesma. </div></body></html>','<html><body><div style=\"text-align: center;\">(B) Ao seu diário. </div></body></html>','<html><body><div style=\"text-align: center;\">(C) À Angelina. </div></body></html>','<html><body><div style=\"text-align: center;\">(D) Ao leitor do seu diário. </div></body></html>','<html><body><div style=\"text-align: center;\">(E) Aos seus pais. </div></body></html>',4,3),(54,'<html><body><b>(IFC 2015)</b> Leia o texto abaixo:<br>(…) Não posso trair o leitor. É esse jovem que precisa chegar a Vidas Secas. O Brasil tem grandes escritores, Guimarães Rosa é superior a Saramago. Eu não gosto de hierarquias. Simplesmente Guimarães Rosa e Drummond mereceram um Nobel também. E Saramago chegou a dizer isso. Milhões e milhões de jovens vão se tornar adultos sem ler nada da nossa boa literatura. São tempos de predomínio da imagem, da comunicação veloz. Nos anos 60, 70, 80, o que predominava era a língua escrita. Hoje não sei se a literatura pertence ao campo simbólico de uma nação. E isso me preocupa. Há muito lixo na televisão. É desanimador para quem escreve com uma perspectiva de trabalhar com a linguagem. Para escrever um romance, não basta escrever bem. Depende da arquitetura, da forma, linguagem e camadas, passagens de tempo. Escrever bem já é uma coisa difícil. Os meios de comunicação trabalham com a imagem, muitas vezes trabalham com coisas muito vulgares. Programas de TV não ajudam a civilizar o Brasil.(...)<br><div style=\"text-align: right;\">(HATOUM, Milton. As traduções de um escritor. Revista <b>Língua Portuguesa</b>, São Paulo, n 58, p13, agosto de 2010. Entrevista concedida à Terciane Alves).</div><br>A palavra “isso” sublinhada no texto, refere-se a:</body></html>','<html><body><div style=\"text-align: center;\">(A) Guimarães Rosa e Drummond mereceram um Nobel. </div></body></html>','<html><body><div style=\"text-align: center;\">(B) Eu não gosto de hierarquias. </div></body></html>','<html><body><div style=\"text-align: center;\">(C) Guimarães Rosa é superior a Saramago. </div></body></html>','<html><body><div style=\"text-align: center;\">(D) O Brasil tem grandes escritores. </div></body></html>','<html><body><div style=\"text-align: center;\">(E) Drummond é admirado por Saramago. </div></body></html>',1,3),(55,'<html><body><b>(IFC 2015)</b> Leia o texto abaixo:<br><b>O Pavão</b><br>	Eu considerei a glória de um pavão ostentando o esplendor de suas cores; é um luxo imperial. Mas andei lendo livros, e descobri que aquelas cores todas não existem na pena do pavão. Não há pigmentos. O que há são minúsculas bolhas d’água em que a luz se fragmenta, como em um prisma. O pavão é um arco-íris de plumas.<br>	Eu considerei que este é o luxo do grande artista, atingir o máximo de matizes com o mínimo de elementos. De água e luz ele faz seu esplendor; seu grande mistério é a simplicidade.<br>	Considerei, por fim, que assim é o amor, oh! Minha amada; de tudo que ele suscita e esplende e estremece e delira em mim existem apenas meus olhos recebendo a luz de teu olhar. Ele me cobre de glórias e me faz magnífico.<br><div style=\"text-align: right;\">Novembro, 1958<br><br>(BRAGA, Rubem. 200 crônicas escolhidas. 23. ed. Rio de Janeiro: Record: 2004. p. 363)<br></div>A partir do texto, assinale a alternativa que contém um adjetivo:</body></html>','<html><body><div style=\"text-align: center;\">(A) “... como em um prisma”. </div></body></html>','<html><body><div style=\"text-align: center;\">(B) “... o esplendor das suas cores”. </div></body></html>','<html><body><div style=\"text-align: center;\">(C) “... assim é o amor”. </div></body></html>','<html><body><div style=\"text-align: center;\">(D) “... a luz de teu olhar”. </div></body></html>','<html><body><div style=\"text-align: center;\">(E) “... é um luxo imperial”. </div></body></html>',5,3),(56,'<html><body><b>(IFC 2015)</b> Leia o texto abaixo:<br><b>O Pavão</b><br>	Eu considerei a glória de um pavão ostentando o esplendor de suas cores; é um luxo imperial. Mas andei lendo livros, e descobri que aquelas cores todas não existem na pena do pavão. Não há pigmentos. O que há são minúsculas bolhas d’água em que a luz se fragmenta, como em um prisma. O pavão é um arco-íris de plumas.<br>	Eu considerei que este é o luxo do grande artista, atingir o máximo de matizes com o mínimo de elementos. De água e luz ele faz seu esplendor; seu grande mistério é a simplicidade.<br>	Considerei, por fim, que assim é o amor, oh! Minha amada; de tudo que ele suscita e esplende e estremece e delira em mim existem apenas meus olhos recebendo a luz de teu olhar. Ele me cobre de glórias e me faz magnífico.<br><div style=\"text-align: right;\">Novembro, 1958<br><br>(BRAGA, Rubem. 200 crônicas escolhidas. 23. ed. Rio de Janeiro: Record: 2004. p. 363)<br></div>O texto acima, O Pavão, pode ser classificado como:</body></html>','<html><body><div style=\"text-align: center;\">(A) Uma carta na qual o autor faz uma declaração de amor. </div></body></html>','<html><body><div style=\"text-align: center;\">(B) Uma poesia que trata das questões físicas de luz e água. </div></body></html>','<html><body><div style=\"text-align: center;\">(C) Uma crônica que mostra elementos comuns, água e luz, relacionando-os com o pavão e o arco-íris. </div></body></html>','<html><body><div style=\"text-align: center;\">(D) Um conto no qual o pavão é o personagem principal. </div></body></html>','<html><body><div style=\"text-align: center;\">(E) Um conto no qual a água e as cores do pavão são os personagens principais. </div></body></html>',3,3),(57,'<html><body><b>(IFC 2014)</b> Em relação à ortografia oficial das palavras na Língua Portuguesa, assina-le a única alternativa em que a acentuação gráfica das palavras não está devidamente justificada:</body></html>','<html><body><div style=\"text-align: center;\">(A) Ônibus - Víbora - Sinônimo: vocábulos paroxítonos devem sempre ser acentuados. </div></body></html>','<html><body><div style=\"text-align: center;\">(B) Também -Amém - Porém: vocábulos oxítonas terminados em -EM devem ser acentuados. </div></body></html>','<html><body><div style=\"text-align: center;\">(C) Ideia - Assembleia - Jiboia: ditongos abertos, quando em vocábulos paroxítonos, não devem ser acentuados, segundo o último acordo ortográfico. </div></body></html>','<html><body><div style=\"text-align: center;\">(D) Cenário - Silêncio - Série: vocábulos paroxítonos terminados em ditongo oral devem ser acentuados. </div></body></html>','<html><body><div style=\"text-align: center;\">(E) Ele tem - Eles têm: O verbo TER e seus derivados (reter, deter, etc.), levam acento quando na 3ª pessoa do plural (TÊM), para diferenciar da forma da 3ª pessoa singular (TEM). </div></body></html>',1,3),(58,'<html><body><b>(IFC 2014)</b> Leia a frase a seguir:<br><div style=\"text-align: center\">\"Não <span style=\"text-decoration: underline;\"><b>existe</b></span> nada tão democrático quanto o tempo.\"</div><br><div style=\"text-align: right;\">(Bartolomeu Campos de Queirós. 2011 )</div><br>Escolha a alternativa que responde corretamente a pergunta abaixo:<br>O verbo \"<span style=\"text-decoration: underline;\"><b>existe</b></span>\" está em que tempo verbal?</body></html>','<html><body><div style=\"text-align: center;\">(A) no pretérito do imperfeito. </div></body></html>','<html><body><div style=\"text-align: center;\">(B) no futuro do presente. </div></body></html>','<html><body><div style=\"text-align: center;\">(C) no futuro do pretérito. </div></body></html>','<html><body><div style=\"text-align: center;\">(D) no pretérito do perfeito. </div></body></html>','<html><body><div style=\"text-align: center;\">(E) no presente do indicativo. </div></body></html>',5,3),(59,'<html><body><b>(IFC 2014)</b> A palavra médicos é acentuada porque é:</body></html>','<html><body><div style=\"text-align: center;\">(A) proparoxítona terminada em –o</div></body></html>','<html><body><div style=\"text-align: center;\">(B) proparoxítona que apresenta na sílaba tônica a vogal aberta grafada -e</div></body></html>','<html><body><div style=\"text-align: center;\">(C) paroxítona que contém na sílaba átona a vogal aberta -e</div></body></html>','<html><body><div style=\"text-align: center;\">(D) paroxítona terminada em -o, seguida de -s</div></body></html>','<html><body><div style=\"text-align: center;\">(E) oxítona</div></body></html>',2,3),(60,'<html><body><b>(IFC 2014)</b> Assinale a opção em que nem todas as palavras possuem o mesmo radical:</body></html>','<html><body><div style=\"text-align: center;\">(A) olho, olhada, olhador</div></body></html>','<html><body><div style=\"text-align: center;\">(B) aparelho, aparelhável, desaparelhar</div></body></html>','<html><body><div style=\"text-align: center;\">(C) exames, examinar, examinado</div></body></html>','<html><body><div style=\"text-align: center;\">(D) diagnóstico, diário, diagonal</div></body></html>','<html><body><div style=\"text-align: center;\">(E) regiões, regional, regionalização</div></body></html>',4,3),(61,'<html><body><b>(IFC 2014)</b> O seguinte trecho textual contém um erro de pontuação: \"Atualmente, 5000 pessoas, estão sendo submetidas a exames oftalmológicos no Quênia [...].\" A alternativa que apresenta o uso da pontuação corretamente é:</body></html>','<html><body><div style=\"text-align: center;\">(A) \"Atualmente, 5000 pessoas, estão sendo submetidas a exames, oftalmológicos no Quênia [ ... ]. </div></body></html>','<html><body><div style=\"text-align: center;\">(B) \"Atualmente 5000 pessoas, estão sendo submetidas a exames oftalmológicos no Quênia [ ... ]. </div></body></html>','<html><body><div style=\"text-align: center;\">(C) \"Atualmente, 5000 pessoas, estão sendo submetidas, a exames oftalmológicos no Quênia [ ... ]. </div></body></html>','<html><body><div style=\"text-align: center;\">(D) \"Atualmente, 5000 pessoas estão sendo submetidas a exames oftalmológicos no Quênia [ ... ]. </div></body></html>','<html><body><div style=\"text-align: center;\">(E) \"Atualmente, 5000 pessoas, estão sendo submetidas a exames oftalmológicos, no Quênia [ ... ]. </div></body></html>',4,3),(62,'<html><body><b>(IFC 2014)</b> \"Os aplicativos <span style=\"text-decoration: underline;\">que auxiliam os especialistas no diagnóstico de doenças</span> [ ... ]\". A oração em destaque é:</body></html>','<html><body><div style=\"text-align: center;\">(A) subordinada adverbial</div></body></html>','<html><body><div style=\"text-align: center;\">(B) coordenada conclusiva</div></body></html>','<html><body><div style=\"text-align: center;\">(C) coordenada explicativa</div></body></html>','<html><body><div style=\"text-align: center;\">(D) subordinada adjetiva</div></body></html>','<html><body><div style=\"text-align: center;\">(E) subordinada substantiva</div></body></html>',4,3),(63,'<html><body><b>(IFC 2014)</b> Pacientes diagnosticados pelo programa com tipos reversíveis de cegueira já passaram por cirurgia e voltaram a enxergar. As formas verbais \"passaram\" e \"voltaram\" estão no plural porque concordam com:</body></html>','<html><body><div style=\"text-align: center;\">(A) o complemento nominal da oração</div></body></html>','<html><body><div style=\"text-align: center;\">(B) o sujeito simples da oração</div></body></html>','<html><body><div style=\"text-align: center;\">(C) o predicativo da oração</div></body></html>','<html><body><div style=\"text-align: center;\">(D) o sujeito composto da oração</div></body></html>','<html><body><div style=\"text-align: center;\">(E) o sujeito subentendido da oração</div></body></html>',2,3),(64,'<html><body><b>(IFC 2013)</b> Leia a charge e responda<br><div style=\"text-align: center;\"><img src=\"file:/home/flipifc/Área de Trabalho/FlipIFC/imagensq/pq5.jpg\" width=\"600\" height=\"250\"></div><div style=\"text-align: right;\"> (Fonte: Novo acordo ortográfico em quadrinhos. Disponível http://pribi.com.br/arte/acordo-ortografico-emquadrinhos. Acesso em 01.10.2012)</div><br>Assinale a alternativa que melhor delimita o tema presente na charge:</body></html>','<html><body><div style=\"text-align: center;\">(A) Facilidade de escrever com computador. </div></body></html>','<html><body><div style=\"text-align: center;\">(B) Habilidades no uso do computador pelos estudantes. </div></body></html>','<html><body><div style=\"text-align: center;\">(C) Importância de escrever corretamente. </div></body></html>','<html><body><div style=\"text-align: center;\">(D) Novo acordo ortográfico da Língua Portuguesa. </div></body></html>','<html><body><div style=\"text-align: center;\">(E) Mudança de hábitos dos brasileiros. </div></body></html>',4,3),(65,'<html><body><b>(IFC 2018)</b> Em um estudo publicado pelo <i>The New York Times</i>, foram comparados os diferentes desempenhos de medalhistas olímpicos em algumas modalidades, ao longo dos tempos. Uma das que mais chama a atenção é a comparação entre o desempenho de Thomas Burke, nos jogos olímpicos de 1900, na prova de corrida dos 100 metros rasos com o desempenho do jamaicano Usain Bolt nos jogos olímpicos do Rio de Janeiro de 2014, na mesma modalidade. Thomas ficaria quase 20 metros atrás do jamaicano, que bateu novamente seu recorde mundial alcançando a marca de 9,63s para a prova.<br><div style=\"text-align: right;\"> (Disponível em: < https://goo.gl/nkx26r >. Acesso em: 10 jul. 2017.)</div><br>Assinale a alternativa que apresenta o valor aproximado da velocidade média desenvolvida na prova em que Usain Bolt foi medalhista olímpico nos jogos do Rio de Janeiro.</body></html>','<html><body><div style=\"text-align: center;\">(A) 14,8 m/s</div></body></html>','<html><body><div style=\"text-align: center;\">(B) 11,2 m/s</div></body></html>','<html><body><div style=\"text-align: center;\">(C) 12,4 m/s</div></body></html>','<html><body><div style=\"text-align: center;\">(D) 10,4 m/s</div></body></html>','<html><body><div style=\"text-align: center;\">(E) 13,6 m/s</div></body></html>',4,2),(66,'<html><body><b>(IFC 2018)</b> De acordo com as suas semelhanças, todos os seres vivos estão agrupados em diferentes categorias, que vão de domínio até espécie. Carl Linnaeus classificou os seres vivos em 5 reinos, são eles: Monera, Protista, Fungi, Plantae e Animalia.<br>Analise as alternativas abaixo e marque aquela em que o reino e o ser vivo estão relacionados corretamente: </body></html>','<html><body><div style=\"text-align: center;\">(A) Reino Protista: vegetais</div></body></html>','<html><body><div style=\"text-align: center;\">(B) Reino Fungi: protozoários</div></body></html>','<html><body><div style=\"text-align: center;\">(C) Reino Plantae: algas</div></body></html>','<html><body><div style=\"text-align: center;\">(D) Reino Animallia: leveduras</div></body></html>','<html><body><div style=\"text-align: center;\">(E) Reino Monera: bactérias</div></body></html>',5,2),(67,'<html><body><b>(IFC 2018)</b> Observe a ilustração da célula vegetal abaixo:<br><div style=\"text-align: center;\"><img src=\"file:/home/flipifc/Área de Trabalho/FlipIFC/imagensq/nq1.jpg\" width=\"250\" height=\"250\"></div><div style=\"text-align: right;\"> (Disponível em: < http://biologianet.uol.com.br/biologia-celular/celula-vegetal.htm>. Acesso em: 18 jul. 2017.)</div><br>Os seres vivos diferem da matéria bruta porque são constituídos de células. A célula é a menor unidade dos seres vivos, com formas e funções definidas. Entretanto, existem diferenças entre as células vegetais e animais.<br>Considerando este enunciado, assinale a alternativa que apresenta as estruturas presentes somente na célula vegetal e ausentes na célula animal, respectivamente: </body></html>','<html><body><div style=\"text-align: center;\">(A) Mitocôndria e núcleo</div></body></html>','<html><body><div style=\"text-align: center;\">(B) Membrana plasmática e cloroplasto</div></body></html>','<html><body><div style=\"text-align: center;\">(C) Parede celular e cloroplasto</div></body></html>','<html><body><div style=\"text-align: center;\">(D) Mitocôndria e vacúolo</div></body></html>','<html><body><div style=\"text-align: center;\">(E) Parede celular e mitocôndria</div></body></html>',3,2),(68,'<html><body><b>(IFC 2018)</b> O que “pesa” mais: 1kg de algodão ou 1kg de chumbo? A brincadeira clássica gera alguma estranheza, pois, se tanto algodão quanto o chumbo apresentam 1kg, ambos deveriam apresentar a mesma massa. Porém, o volume ocupado por um 1kg de algodão é maior do que o volume ocupado pela mesma massa de chumbo. A propriedade que mede a razão entre a massa e o volume de um determinado material é definida como densidade.<br>Dessa forma, se uma amostra de chumbo apresenta massa de 226g e ocupa um volume de 20cm³ , a sua densidade é de:</body></html>','<html><body><div style=\"text-align: center;\">(A) 11,3g/cm³</div></body></html>','<html><body><div style=\"text-align: center;\">(B) 45,20g/cm³</div></body></html>','<html><body><div style=\"text-align: center;\">(C) 10g/cm³</div></body></html>','<html><body><div style=\"text-align: center;\">(D) 5g/cm³</div></body></html>','<html><body><div style=\"text-align: center;\">(E) 20g/cm³</div></body></html>',1,2),(69,'<html><body><b>(IFC 2018)</b> No Laboratório de Poções da Escola de Magia e Bruxaria Hogwarts (ROWLING, J.K.. Harry Potter. Coleção. São Paulo: Saraiva, 2017), são encontradas diferentes substâncias, cujos pontos de fusão e de ebulição estão apresentados na tabela:<br><div style=\"text-align: center;\"><img src=\"file:/home/flipifc/Área de Trabalho/FlipIFC/imagensq/nq2.png\" width=\"500\" height=\"130\"></div><br>De acordo com a tabela, considerando mudanças de estado físico da matéria nela apresentada, marque a alternativa correta:</body></html>','<html><body><div style=\"text-align: center;\">(A) O ponto de ebulição representa a temperatura em que a substância passa do estado sólido para o estado líquido. </div></body></html>','<html><body><div style=\"text-align: center;\">(B) A 15 ºC, a gosma cósmica encontra-se no estado líquido. </div></body></html>','<html><body><div style=\"text-align: center;\">(C) A 5 ºC, a pedra filosofal estará no estado líquido. </div></body></html>','<html><body><div style=\"text-align: center;\">(D) A 10 ºC, o chulé de ogro será líquido. </div></body></html>','<html><body><div style=\"text-align: center;\">(E) A 90 ºC, a gosma cósmica será gasosa. </div></body></html>',2,2),(70,'<html><body><b>(IFC 2018)</b> A temperatura de ebulição da água, no nível do mar, é de 100 ºC. Essa temperatura decresce com o aumento da altitude. A tabela a seguir apresenta a altitude de alguns municípios catarinenses em relação ao nível do mar.<br><div style=\"text-align: center;\"><img src=\"file:/home/flipifc/Área de Trabalho/FlipIFC/imagensq/nq3.png\" width=\"300\" height=\"190\"></div><br>De acordo com a tabela, assinale a alternativa que representa o município com a menor temperatura de ebulição da água.</body></html>','<html><body><div style=\"text-align: center;\">(A) Camboriú</div></body></html>','<html><body><div style=\"text-align: center;\">(B) Brusque</div></body></html>','<html><body><div style=\"text-align: center;\">(C) Luzerna</div></body></html>','<html><body><div style=\"text-align: center;\">(D) São Bento do Sul</div></body></html>','<html><body><div style=\"text-align: center;\">(E) Rio do Sul</div></body></html>',4,2),(71,'<html><body><b>(IFC 2017)</b> Observe a charge e leia o texto na sequência.<br><div style=\"text-align: center;\"> <img src=\"file:/home/flipifc/Área de Trabalho/FlipIFC/imagensq/nq4.jpg\" width=\"300\" height=\"300\"><br>Fonte: http://www.ocorreio.com.br/charges/52/charge. Acesso em: 04 jul 2016.</div><br>Nos Jogos Olímpicos – Rio 2016 -, o mosquito Aedes aegypti causou preocupações não somente entre os atletas, mas também entre representantes da comunidade científica.<br>Considerando esta temática, analise os itens a seguir e assinale a única alternativa correta.</body></html>','<html><body><div style=\"text-align: center;\">(A) A respeito do mosquito Aedes aegypti, apenas a fêmea é o agente de transmissão dos vírus causadores de doenças como zika, chikungunya, dengue e febre amarela. </div></body></html>','<html><body><div style=\"text-align: center;\">(B) Não deixar água parada em locais fora de uso e evitar a construção de casas de pau-a-pique (também conhecidas como taipa de mão) são ações importantes no combate à proliferação do mosquito Aedes. </div></body></html>','<html><body><div style=\"text-align: center;\">(C) Além das doenças conhecidas como zika, chikungunya, dengue e febre amarela, a fêmea do mosquito Aedes aegypti também é um agente transmissor da malária e da leptospirose. Todas estas doenças são causadas por vírus. </div></body></html>','<html><body><div style=\"text-align: center;\">(D) A microcefalia (condição em que o tamanho da cabeça do afetado é menor do que o observado na maioria das pessoas de mesma faixa etária) pode se manifestar apenas em bebês de gestantes infectadas com o vírus zika, não existindo a possibilidade da manifestação desta doença em bebês de gestantes que possuem como hábitos o tabagismo e o alcoolismo. </div></body></html>','<html><body><div style=\"text-align: center;\">(E) O Ministério da Saúde confirmou uma relação entre a chikungunya e o surto de casos de microcefalia no Nordeste do Brasil. </div></body></html>',1,2),(72,'<html><body><b>(IFC 2017)</b> Leia atentamente um trecho da notícia sobre o avião mais rápido de todos os tempos:<br> [...] O avião mais rápido de todos os tempos, o protótipo North American X-15, atingiu incríveis 7.273 km/h em 1967. O avião foi um pedido conjunto da Força Aérea dos EUA e da NASA, que pesquisavam novas formas de alcançar velocidades até então impensáveis.<div style=\"text-align: right;\"> (Disponível em http://airway.uol.com.br/conheca-os-avioes-mais-rapidos-de-todos-os-tempos/. Acesso em: 12 jul. 2016).</div><br>Agora, considere a seguinte situação: As cidades de Manila, nas Filipinas, e Tangará da Serra (MT), no Brasil, estão situadas em pontos diametralmente opostos no globo terrestre. Sabendo que o raio da Terra é igual a 6.371 km, assinale a alternativa que apresenta o tempo aproximado que é gasto pelo protótipo North American X-15 no percurso entre estas duas cidades, considerando que sua velocidade média seja a máxima atingida pelo avião:</body></html>','<html><body><div style=\"text-align: center;\">(A) Cinco horas e trinta minutos</div></body></html>','<html><body><div style=\"text-align: center;\">(B) Duas horas e quarenta e cinco minutos</div></body></html>','<html><body><div style=\"text-align: center;\">(C) Cinquenta e três minutos</div></body></html>','<html><body><div style=\"text-align: center;\">(D) Três horas</div></body></html>','<html><body><div style=\"text-align: center;\">(E) Três horas e vinte minutos</div></body></html>',2,2),(73,'<html><body><b>(IFC 2017)</b> Observe a charge, considerando que o leite é fundamental na alimentação dos mamíferos:<br><div style=\"text-align: center;\"> <img src=\"file:/home/flipifc/Área de Trabalho/FlipIFC/imagensq/nq5.jpg\" width=\"500\" height=\"200\"></div><div style=\"text-align: right;\"> Fonte: Fernando Gonsales. Disponível em: http://s666.photobucket.com/user/menino_mau/media/nn19.jpg.html. Acesso em: 04 jul. 2016.</div><br>Alimentos derivados do leite são ricos em um determinado mineral que, além de ser o mais abundante do corpo humano, também é um importante componente no processo de coagulação sanguínea. Marque a alternativa abaixo que contenha o mineral relatado no texto.</body></html>','<html><body><div style=\"text-align: center;\">(A) Magnésio</div></body></html>','<html><body><div style=\"text-align: center;\">(B) Ferro</div></body></html>','<html><body><div style=\"text-align: center;\">(C) Cálcio</div></body></html>','<html><body><div style=\"text-align: center;\">(D) Iodo</div></body></html>','<html><body><div style=\"text-align: center;\">(E) Potássio</div></body></html>',3,2),(74,'<html><body><b>(IFC 2016)</b> A digestão é um processo essencial para os seres vivos, pois é responsável por fornecer as substâncias necessárias para o metabolismo, crescimento e desenvolvimento dos organismos. Sobre o sistema digestório humano, é correto afirmar que:</body></html>','<html><body><div style=\"text-align: center;\">(A) O processo de digestão inicia-se no fígado, onde é produzida a saliva. </div></body></html>','<html><body><div style=\"text-align: center;\">(B) O estômago é um órgão em forma de bolsa onde ocorre a digestão química de proteínas. </div></body></html>','<html><body><div style=\"text-align: center;\">(C) A bile é produzida no esôfago e ajuda nos movimentos peristálticos. </div></body></html>','<html><body><div style=\"text-align: center;\">(D) O pâncreas é responsável pela produção das fezes. </div></body></html>','<html><body><div style=\"text-align: center;\">(E) O intestino delgado é um tubo inteiro, situado na região da garganta. </div></body></html>',2,2),(75,'<html><body><b>(IFC 2016)</b> Observe a Figura abaixo:<div style=\"text-align: center;\"><img src=\"file:/home/flipifc/Área de Trabalho/FlipIFC/imagensq/nq6.jpg\" width=\"400\" height=\"300\"><br>Fonte: http://www.leoquintino.com.br/</div><br>A dengue é uma doença epidêmica, mas é possível reduzir o número de casos com medidas simples. Todas as opções abaixo são formas de conter a proliferação do mosquito transmissor da dengue, EXCETO:</body></html>','<html><body><div style=\"text-align: center;\">(A) Regar bromélias com uma mistura de 1 litro de água e uma colher de água sanitária. </div></body></html>','<html><body><div style=\"text-align: center;\">(B) Colocar garrafas e vasilhames com o bocal virado para baixo. </div></body></html>','<html><body><div style=\"text-align: center;\">(C) Não deixar água parada em pneus fora de uso. </div></body></html>','<html><body><div style=\"text-align: center;\">(D) Evitar a construção de casas de pau-a-pique, pois são locais onde o mosquito se aloja para reprodução. </div></body></html>','<html><body><div style=\"text-align: center;\">(E) Desativar piscinas não utilizadas, retirando toda água. </div></body></html>',4,2),(76,'<html><body><b>(IFC 2016)</b> A energia nuclear, obtida a partir da energia do núcleo de um átomo, é uma das alternativas para a produção de energia elétrica. Esse tipo de energia vem sendo defendida por alguns estudiosos como vantajosa por não gerar gases agravadores do efeito estufa e muito menos a utilização de combustíveis ameaçados de esgotamento, como é o caso dos combustíveis fósseis. Considerando as regiões do átomo, na região do núcleo de um átomo encontram-se:</body></html>','<html><body><div style=\"text-align: center;\">(A) Prótons e Nêutrons</div></body></html>','<html><body><div style=\"text-align: center;\">(B) Elétrons e Nêutrons</div></body></html>','<html><body><div style=\"text-align: center;\">(C) Partículas neutras e Partículas negativas</div></body></html>','<html><body><div style=\"text-align: center;\">(D) Elétrons e Prótons</div></body></html>','<html><body><div style=\"text-align: center;\">(E) Partículas Negativas e Partículas Positivas</div></body></html>',1,2),(77,'<html><body><b>(IFC 2016)</b> O ciclo da água ou ciclo hidrológico é a contínua circulação da água em nosso planeta. São transformações físicas entre os estados da matéria: sólido, líquido e gasoso. Sob resfriamento contínuo, o estado gasoso transforma-se em líquido e, posteriormente, o líquido em sólido. As duas mudanças de estado mencionadas são denominadas, respectivamente:</body></html>','<html><body><div style=\"text-align: center;\">(A) Vaporização e Solidificação</div></body></html>','<html><body><div style=\"text-align: center;\">(B) Solidificação e Vaporização</div></body></html>','<html><body><div style=\"text-align: center;\">(C) Condensação e Solidificação</div></body></html>','<html><body><div style=\"text-align: center;\">(D) Fusão e Solidificação</div></body></html>','<html><body><div style=\"text-align: center;\">(E) Condensação e Fusão</div></body></html>',3,2),(78,'<html><body><b>(IFC 2015)</b> Uma chaleira com água é colocada sobre a chama de um fogareiro em uma região ao nível do mar. Verifica-se que a temperatura da água aumenta 5ºC a cada 30 segundos. Se a água estava inicialmente à temperatura de 20ºC ela irá ferver em:</body></html>','<html><body><div style=\"text-align: center;\">(A) 600 segundos. </div></body></html>','<html><body><div style=\"text-align: center;\">(B) 10 minutos. </div></body></html>','<html><body><div style=\"text-align: center;\">(C) 480 minutos. </div></body></html>','<html><body><div style=\"text-align: center;\">(D) 150 segundos. </div></body></html>','<html><body><div style=\"text-align: center;\">(E) 8 minutos. </div></body></html>',5,2),(80,'<html><body><b>(IFC 2015)</b> Leia a seguir alguns trechos de notícias de jornal:<br>I – “... algumas cidades chegaram a registrar mais de 20 mm acumulados entre a última madrugada e a manhã desta segunda-feira.”<br>II – “... as máximas ficarão entre 18ºC e 25ºC nesta terça-feira.”<br>III – “... o evento tinha magnitude 8,2 na escala Richter e causou estragos no norte do Chile...”<br>IV – “Comissão aprova limite de decibéis em casas de shows: máximo de 85 dB.”<br>Assinale a alternativa em que os trechos de notícias se referem corretamente aos termos apresentados:</body></html>','<html><body><div style=\"text-align: center;\">(A) I – quantidade de chuva; II – temperatura ambiente; III – terremoto; IV – ruído/barulho. </div></body></html>','<html><body><div style=\"text-align: center;\">(B) I – distância entre cidades; II – umidade relativa do ar; III – quantidade de chuva; IV – velocidade do vento. </div></body></html>','<html><body><div style=\"text-align: center;\">(C) I – velocidade do vento; II – temperatura ambiente; III – terremoto; IV – índice de radioatividade. </div></body></html>','<html><body><div style=\"text-align: center;\">(D) I – quantidade de chuva; II – temperatura do sol; III – ruído/barulho; IV – velocidade do ar. </div></body></html>','<html><body><div style=\"text-align: center;\">(E) I – umidade relativa do ar; II – temperatura ambiente; III – ruído/barulho; IV – terremoto. </div></body></html>',1,2),(81,'<html><body><b>(IFC 2015)</b> A fotossíntese é um processo realizado, na presença de luz, por seres vivos clorofilados, que utilizam gás carbônico (CO<sub>2</sub>) e água (H<sub>2</sub>O), para obtenção de glicose (C<sub>6</sub>H<sub>12</sub>O<sub>6</sub>) e liberação de oxigênio (O<sub>2</sub>). Por meio dela, esses seres produzem substâncias necessárias à sua própria vida e, também, à vida dos animais. A fotossíntese pode ser representada pela seguinte equação:6CO<sub>2</sub>   + 6H<sub>2</sub>O &rarr; C<sub>6</sub>H<sub>12</sub>O<sub>6</sub> + 6O<sub>2</sub><br>Sobre este processo, assinale a alternativa correta:</body></html>','<html><body><div style=\"text-align: center;\">(A) C<sub>6</sub>H<sub>12</sub>O<sub>6</sub> e O<sub>2</sub> são substâncias compostas. </div></body></html>','<html><body><div style=\"text-align: center;\">(B) É um fenômeno químico. </div></body></html>','<html><body><div style=\"text-align: center;\">(C) H<sub>2</sub>O e O<sub>2</sub> são substâncias compostas. </div></body></html>','<html><body><div style=\"text-align: center;\">(D) H<sub>2</sub>O e CO<sub>2</sub> são substâncias simples. </div></body></html>','<html><body><div style=\"text-align: center;\">(E) É um fenômeno físico. </div></body></html>',2,2),(82,'<html><body><b>(IFC 2015)</b> No mês de agosto de 2014, noticiários informaram novos casos de adulteração do leite em cidades de Santa Catarina e do Rio Grande do Sul. Especialistas constataram indícios de adição de água e de produtos químicos potencialmente nocivos à saúde humana, como hidróxido de sódio e peróxido de hidrogênio. Sobre o hidróxido de sódio, também conhecido como soda cáustica, assinale a alternativa que apresenta a sua fórmula química correta:</body></html>','<html><body><div style=\"text-align: center;\">(A) LiOH. </div></body></html>','<html><body><div style=\"text-align: center;\">(B) Mg(OH)<sub>2</sub>. </div></body></html>','<html><body><div style=\"text-align: center;\">(C) KOH. </div></body></html>','<html><body><div style=\"text-align: center;\">(D) NaOH. </div></body></html>','<html><body><div style=\"text-align: center;\">(E) Be(OH)<sub>2</sub>. </div></body></html>',4,2),(83,'<html><body><b>(IFC 2015)</b> Sobre o uso de métodos anticoncepcionais e a sua relação com a AIDS, é correto afirmar:</body></html>','<html><body><div style=\"text-align: center;\">(A) O uso de camisinha não é indicado para pessoas que já estão com o vírus da AIDS no seu organismo.  </div></body></html>','<html><body><div style=\"text-align: center;\">(B) Qualquer anticoncepcional é recomendado para prevenir a AIDS, o método da tabelinha é um bom exemplo disso. </div></body></html>','<html><body><div style=\"text-align: center;\">(C) A camisinha é o método anticoncepcional mais indicado, pois além de evitar a gravidez indesejada, previne a AIDS. </div></body></html>','<html><body><div style=\"text-align: center;\">(D) Não existe relação direta entre o uso de métodos anticoncepcionais e a AIDS, portanto, a camisinha serve apenas para evitar a gravidez. </div></body></html>','<html><body><div style=\"text-align: center;\">(E) A pílula anticoncepcional serve para prevenir a AIDS. Existem campanhas intensas durante o carnaval para promover o seu uso. </div></body></html>',3,2),(84,'<html><body><b>(IFC 2015)</b> Os organismos vegetais são compostos de diversos órgãos, cada um com uma função específica. Sobre esse assunto, analise as alternativas abaixo e marque a que relaciona corretamente o órgão vegetal com sua função.</body></html>','<html><body><div style=\"text-align: center;\">(A) As raízes são responsáveis pela absorção de água e sais minerais do solo. Para melhorar a absorção, possuem os pelos absorventes. </div></body></html>','<html><body><div style=\"text-align: center;\">(B) As folhas são órgãos extremamente importantes para os vegetais, pois nelas são produzidos os gametas masculinos e femininos. </div></body></html>','<html><body><div style=\"text-align: center;\">(C) Os caules das plantas têm várias funções, dentre elas, a de armazenamento de energia. É o caso da mandioca, batatinha, beterraba e o nabo, por exemplo. </div></body></html>','<html><body><div style=\"text-align: center;\">(D) As flores são importantes órgãos de produção de energia para as plantas. Nelas, a energia solar é transformada em energia química. </div></body></html>','<html><body><div style=\"text-align: center;\">(E) Os caules, embora tenham variadas funções e formas, nunca realizam fotossíntese, ficando essa função somente para as folhas. </div></body></html>',1,2),(85,'<html><body><b>(IFC 2013)</b> A fotossíntese é um processo importante na Natureza, pois permite a sobrevivência e o desenvolvimento das plantas, dos animais herbívoros e, consequentemente, dos animais carnívoros. Dentre as afirmações abaixo, assinale a alternativa correta sobre a fotossíntese:</body></html>','<html><body><div style=\"text-align: center;\">(A) A fotossíntese é um processo prejudicial, pois faz com que as plantas liberem grandes quantidades de gás carbônico no ar. </div></body></html>','<html><body><div style=\"text-align: center;\">(B) A fotossíntese não é importante para os animais, já que esses podem alimentar-se de outras fontes. </div></body></html>','<html><body><div style=\"text-align: center;\">(C) A fotossíntese é o processo onde luz, água e gás carbônico são convertidos em alimento para as plantas e para os animais. </div></body></html>','<html><body><div style=\"text-align: center;\">(D) A fotossíntese é importante para os animais porque captura o excesso de radiação solar da atmosfera. </div></body></html>','<html><body><div style=\"text-align: center;\">(E) A fotossíntese é prejudicial para seres humanos, por isso, não é recomendado manter vasos de plantas dentro dos quartos. </div></body></html>',3,2),(86,'<html><body><b>(IFC 2013)</b> A partir das informações do texto abaixo e de seus conhecimentos, assinale a alternativa correta.<br>“O corpo humano é constituído por diversas partes que são inter-relacionadas, ou seja, umas dependem das outras. Cada sistema, cada órgão é responsável por uma ou mais atividades. Milhares de reações químicas acontecem a todo instante dentro do nosso corpo, seja para captar energia para a manutenção da vida, movimentar os músculos, recuperar-se de ferimentos e doenças ou se manter na temperatura adequada à vida. Há milhões de anos, o corpo humano vem se transformando e evoluindo para se adaptar ao ambiente e desenvolver o seu ser. Nosso corpo é uma mistura de elementos químicos feita na medida certa. As partes do corpo humano funcionam de maneira integrada e em harmonia com as outras. É fundamental entendermos o funcionamento do corpo humano a fim de adquirirmos uma mentalidade saudável em relação a nossa vida.” <br> <div style=\"text-align: right;\">Em < http://www.webciencia.com/11_00menu.htm>. Acesso em: 25 setembro 2012.</div></body></html>','<html><body><div style=\"text-align: center;\">(A) O cérebro é o órgão mais importante do corpo humano porque controla os movimentos, o sono, a fome e a sede, entre outras funções fisiológicas. </div></body></html>','<html><body><div style=\"text-align: center;\">(B) Todos os sistemas e órgãos são igualmente importantes para o bom funcionamento do corpo humano. </div></body></html>','<html><body><div style=\"text-align: center;\">(C) O coração é o órgão mais importante do corpo humano porque controla a circulação sanguínea. </div></body></html>','<html><body><div style=\"text-align: center;\">(D) O fígado é o órgão mais importante do corpo humano porque é responsável pela destruição de substâncias tóxicas. </div></body></html>','<html><body><div style=\"text-align: center;\">(E) O pulmão é o órgão mais importante do corpo humano porque é responsável pela absorção de oxigênio. </div></body></html>',2,2),(87,'<html><body><b>(IFC 2013)</b> Os insetos formam um dos grupos mais diversos de seres vivos, com cerca de 900 mil espécies catalogadas no mundo todo. Dentre as afirmações abaixo sobre os insetos, assinale a alternativa INCORRETA:</body></html>','<html><body><div style=\"text-align: center;\">(A) Os insetos são importantes para a manutenção do equilíbrio ecológico. </div></body></html>','<html><body><div style=\"text-align: center;\">(B) Os insetos polinizadores são importantes para a produção de alimentos. </div></body></html>','<html><body><div style=\"text-align: center;\">(C) Os insetos apresentam corpo segmentado e patas articuladas. </div></body></html>','<html><body><div style=\"text-align: center;\">(D) Os insetos ocupam diversos ambientes como florestas, desertos e cidades. </div></body></html>','<html><body><div style=\"text-align: center;\">(E) Os insetos formam um grupo pouco diversificado de vertebrados. </div></body></html>',5,2),(88,'<html><body><b>(IFC 2013)</b> As misturas podem ser classificadas como homogêneas ou heterogêneas, de acordo com o número de fases. Qual é a classificação e quantas fases podem ser observadas em uma mistura constituída de água líquida, sal de cozinha dissolvido e um pedaço de ferro?</body></html>','<html><body><div style=\"text-align: center;\">(A) Homogênea, cinco fases</div></body></html>','<html><body><div style=\"text-align: center;\">(B) Heterogênea, três fases</div></body></html>','<html><body><div style=\"text-align: center;\">(C) Homogênea, quatro fases</div></body></html>','<html><body><div style=\"text-align: center;\">(D) Homogênea, uma fase</div></body></html>','<html><body><div style=\"text-align: center;\">(E) Heterogênea, duas fases</div></body></html>',5,2),(89,'<html><body><b>(IFC 2012)</b> Ao adicionar algumas gotas de suco de limão em um copo de leite, promovemos a desnaturação e precipitação das proteínas do mesmo, processo conhecido popularmente como coalhar o leite.<br>Após realizar esse processo, entre os métodos abaixo, qual seria o escolhido para separar o soro do coalho?</body></html>','<html><body><div style=\"text-align: center;\">(A) Filtração à pressão reduzida</div></body></html>','<html><body><div style=\"text-align: center;\">(B) Filtração Simples</div></body></html>','<html><body><div style=\"text-align: center;\">(C) Dissolução fracionada</div></body></html>','<html><body><div style=\"text-align: center;\">(D) Destilação</div></body></html>','<html><body><div style=\"text-align: center;\">(E) Flotação</div></body></html>',2,2),(90,'<html><body><b>(IFC 2012)</b> A figura abaixo representa uma mistura de dois líquidos (A e B) imiscíveis, ou seja, que quando em repouso não se misturam. A respeito dessa situação, responda:<br><div style=\"text-align: center;\"><img src=\"file:/home/flipifc/Área de Trabalho/FlipIFC/imagensq/nq7.png\" width=\"110\" height=\"200\"></div><br>Qual a propriedade física da matéria que mantém os líquidos separados?</body></html>','<html><body><div style=\"text-align: center;\">(A) Massa das substâncias</div></body></html>','<html><body><div style=\"text-align: center;\">(B) Ponto de fusão</div></body></html>','<html><body><div style=\"text-align: center;\">(C) Ponto de ebulição</div></body></html>','<html><body><div style=\"text-align: center;\">(D) Densidade absoluta</div></body></html>','<html><body><div style=\"text-align: center;\">(E) Temperatura dos líquidos</div></body></html>',4,2),(91,'<html><body><b>(IFC 2012)</b> Todo dia, a todo o momento, mesmo sem percebermos ocorrem transformações da matéria ao nosso redor: apodrecimento de frutos, a corrosão do ferro, a chuva, os raios e os relâmpagos. Chamamos de fenômeno qualquer transformação que ocorre com a matéria, sendo classificados em fenômenos químicos ou fenômenos físicos.<br>Relacione as colunas abaixo classificando os fenômenos.<div style=\"text-align: center;\"><br>1. (  ) Formação da ferrugem.<br>2. (  ) Derretimento das geleiras<br>3. (  ) Transformação de um lingote de ouro em aliança<br>4. (  ) Queima de fogos de artifício<br></div> a) Fenômeno Físico<br>b) Fenômeno Químico<br>Assinale a alternativa CORRETA:</body></html>','<html><body><div style=\"text-align: center;\">(A) 1 - b, 2 - a, 3 - a, 4 – b</div></body></html>','<html><body><div style=\"text-align: center;\">(B) 1 - a, 2 - b, 3 - a, 4 – b</div></body></html>','<html><body><div style=\"text-align: center;\">(C) 1 - b, 2 - a, 3 - b, 4 – a</div></body></html>','<html><body><div style=\"text-align: center;\">(D) 1 - a, 2 - b, 3 - b, 4 – a</div></body></html>','<html><body><div style=\"text-align: center;\">(E) 1 - b, 2 - b, 3 - a, 4 – b</div></body></html>',1,2),(92,'<html><body><b>(IFC 2012)</b> A gralha-azul é uma ave com ampla distribuição geográfica e ocorre, principalmente, nas regiões de clima temperado. No Brasil, esta espécie está associada às áreas de floresta com araucária, onde é comumente encontrada. No inverno, época em que diminui a quantidade de alimentos disponível em muitos ambientes, a gralha-azul alimenta-se de sementes de araucárias conhecidas por pinhões. Assim como outros corvídeos, a gralha-azul tem o hábito de armazenar alimento, que esquecido, germina nesses locais.<br>Com base no texto e nos conhecimentos sobre estas duas espécies, gralha azul e araucária, qual das afirmações a seguir está CORRETA:</body></html>','<html><body><div style=\"text-align: center;\">(A) As gimnospermas, como as araucárias, marcam evolutivamente o aparecimento das sementes como consequência da produção de dois tipos de esporos, um masculino e outro feminino. </div></body></html>','<html><body><div style=\"text-align: center;\">(B) Por serem aves onívoras, as gralhas-azuis alimentam-se de pequenos frutos, pinhões e outras sementes, sem a ingestão de proteína de origem animal. </div></body></html>','<html><body><div style=\"text-align: center;\">(C) A gralha-azul mantém com a araucária uma relação ecológica de mutualismo, por ser a principal disseminadora dessa gimnosperma, ao alimentar-se dos frutos repletos de pinhões. </div></body></html>','<html><body><div style=\"text-align: center;\">(D) As gralhas-azuis são seres homeotérmicos, pois dependem da temperatura ambiente da mata de araucária onde se encontram. </div></body></html>','<html><body><div style=\"text-align: center;\">(E) A araucária é uma espécie muito antiga só encontrada nos Campos Sulinos Brasileiros e, juntamente com seu ecossistema, corre risco de extinção. </div></body></html>',1,2),(93,'<html><body><b>(IFC 2012)</b> O comportamento dos animais é consequência de uma estratégia evolutiva, é uma adaptação do organismo às condições externas, que aumenta sua capacidade de sobrevivência.Observando a tabela abaixo e de acordo com os conhecimentos sobre as estratégias animais de sobrevivência é CORRETO associar:<br><div style=\"text-align: center;\"><img src=\"file:/home/flipifc/Área de Trabalho/FlipIFC/imagensq/nq8.png\" width=\"290\" height=\"140\"></div></body></html>','<html><body><div style=\"text-align: center;\">(A) A com V, B com I, C com II, D com III, E com IV. </div></body></html>','<html><body><div style=\"text-align: center;\">(B) A com V, B com III, C com IV, D com I, E com II. </div></body></html>','<html><body><div style=\"text-align: center;\">(C) A com III, B com I, C com V, D com II, E com IV. </div></body></html>','<html><body><div style=\"text-align: center;\">(D) A com II, B com III, C com V, D com I, E com IV. </div></body></html>','<html><body><div style=\"text-align: center;\">(E) A com V, B com IV, C com I, D com II, E com III. </div></body></html>',4,2),(94,'<html><body><b>(IFC 2014)</b> O átomo constituído de 17 prótons, 18 nêutrons e 17 elétrons possui número atômico e número de massa igual a:</body></html>','<html><body><div style=\"text-align: center;\">(A) 17 e 17</div></body></html>','<html><body><div style=\"text-align: center;\">(B) 17e35</div></body></html>','<html><body><div style=\"text-align: center;\">(C) 18 e 17</div></body></html>','<html><body><div style=\"text-align: center;\">(D) 17e18</div></body></html>','<html><body><div style=\"text-align: center;\">(E) 35 e 17</div></body></html>',2,2),(95,'<html><body><b>(IFC 2014)</b> A falta de água potável e de esgoto tratado facilita a transmissão de doenças que, calcula-se, provocam cerca de 30 mil mortes diariamente no mundo. Dentre as alternativas abaixo, assinale aquela em que a doença não é veiculada pela água: </body></html>','<html><body><div style=\"text-align: center;\">(A) Diarreia infecciosa</div></body></html>','<html><body><div style=\"text-align: center;\">(B) Doença de Chagas</div></body></html>','<html><body><div style=\"text-align: center;\">(C) Hepatite</div></body></html>','<html><body><div style=\"text-align: center;\">(D) Leptospirose</div></body></html>','<html><body><div style=\"text-align: center;\">(E) Cólera</div></body></html>',2,2),(96,'<html><body><b>(IFC 2014)</b> As fontes de energia podem ser divididas em renováveis e não renováveis. Assinale a alternativa que contém apenas fontes de energia renováveis. </body></html>','<html><body><div style=\"text-align: center;\">(A) Solar, eólica e biomassa. </div></body></html>','<html><body><div style=\"text-align: center;\">(B) Solar, carvão mineral e petróleo. </div></body></html>','<html><body><div style=\"text-align: center;\">(C) Petróleo, eólica e nuclear. </div></body></html>','<html><body><div style=\"text-align: center;\">(D) Nuclear, solar e biomassa. </div></body></html>','<html><body><div style=\"text-align: center;\">(E) Gás natural, solar e eólica. </div></body></html>',1,2),(97,'<html><body><b>(IFC 2018)</b> O gráfico abaixo é denominado de <b><i>pirâmide etária</i></b>. Este tipo de gráfico é utilizado para demonstrar:<br><div style=\"text-align: center;\"><img src=\"file:/home/flipifc/Área de Trabalho/FlipIFC/imagensq/hq1.jpg\" width=\"350\" height=\"190\"></div><br><div style=\"text-align: right;\">Fonte: http://alunosonline.uol.com.br/geografia/piramides-etarias.html</div></body></html>','<html><body><div style=\"text-align: center;\">(A) A renda per capita da população. </div></body></html>','<html><body><div style=\"text-align: center;\">(B) Distribuição da população por faixas de idade e sexo. </div></body></html>','<html><body><div style=\"text-align: center;\">(C) O número de filhos por mulher em idade fértil. </div></body></html>','<html><body><div style=\"text-align: center;\">(D) A densidade demográfica. </div></body></html>','<html><body><div style=\"text-align: center;\">(E) As taxas de mortalidade. </div></body></html>',2,1),(98,'<html><body><b>(IFC 2018)</b> Considere o seguinte enunciado:<br>Exuberante cobertura vegetal heterogênea e higrófita. É de formação arbórea e latifoliada. Abriga a maior bacia hidrográfica do planeta e contém, em seu território, uma complexa cadeia alimentar. Atualmente, a expansão da fronteira agrícola da soja demarca, neste domínio, uma região denominada de “arco do fogo” ou “arco do desmatamento”.<br>O bioma objeto do texto acima é o do(a):</body></html>','<html><body><div style=\"text-align: center;\">(A) Pantanal. </div></body></html>','<html><body><div style=\"text-align: center;\">(B) Caatinga. </div></body></html>','<html><body><div style=\"text-align: center;\">(C) Mata Atlântica. </div></body></html>','<html><body><div style=\"text-align: center;\">(D) Cerrado. </div></body></html>','<html><body><div style=\"text-align: center;\">(E) Amazônia. </div></body></html>',5,1),(99,'<html><body><b>(IFC 2018)</b> Leia atentamente o seguinte texto:<br>Com a crise dos anos de 1930, o Brasil viu decair muito a exportação de café, ficando, pois, sem receita para importar a quantidade de produtos manufaturados que costumava trazer de fora. Daí resultou que nossa própria capacidade industrial precisou suprir um mercado necessitado. A possibilidade de semelhante expansão ficou ainda maior por causa […] do desvio de capitais do setor agrário que vivia um momento de desestímulo; e da aquisição dos estoques de café por parte do governo para queimá-los, garantindo desta maneira o nível do mercado interno na medida em que evitou o desemprego. <br><div style=\"text-align: right;\"> (LOPEZ, Luiz Roberto. História do Brasil contemporâneo. 2. ed. Porto Alegre: Mercado Aberto, 1983. p. 77-78.) </div><br>Com base no texto, é correto afirmar que uma das consequências da Crise de 1929 para a economia brasileira foi:</body></html>','<html><body><div style=\"text-align: center;\">(A) o aumento na importação de produtos industriais devido à valorização do café no mercado internacional. </div></body></html>','<html><body><div style=\"text-align: center;\">(B) o aumento na quantidade de produtos importados devido à desvalorização do preço do café brasileiro. </div></body></html>','<html><body><div style=\"text-align: center;\">(C) a diminuição do desemprego em virtude da desvalorização do preço do café brasileiro no mercado. </div></body></html>','<html><body><div style=\"text-align: center;\">(D) a queda nas exportações de café e o estímulo ao desenvolvimento industrial brasileiro. </div></body></html>','<html><body><div style=\"text-align: center;\">(E) a desvalorização do café em razão da aquisição de seus estoques pelo governo brasileiro. </div></body></html>',4,1),(100,'<html><body><b>(IFC 2018)</b> Para o historiador egípcio Eric Hobsbawn (1917-2012), o mais importante evento social de abrangência global do século XX foi “[...] tão fundamental para a história deste século quanto a Revolução Francesa de 1789 para o século XIX. Na verdade, não é por acaso que a história do Breve Século XX, segundo a definição deste livro, praticamente coincide com o tempo de vida do Estado nascido da Revolução de Outubro” (1995, p. 62). <br><div style=\"text-align: right;\"> (HOBSBAWN, E. A era dos extremos: o breve século XX: Companhia das Letras, 1995, 598p.)</div><br>Com base no trecho lido, assinale a alternativa que apresenta corretamente o evento geopolítico do século XX ao que o historiador se refere:</body></html>','<html><body><div style=\"text-align: center;\">(A) Revolução Russa. </div></body></html>','<html><body><div style=\"text-align: center;\">(B) Revolução Chinesa. </div></body></html>','<html><body><div style=\"text-align: center;\">(C) Revolução Cubana. </div></body></html>','<html><body><div style=\"text-align: center;\">(D) II Guerra Mundial. </div></body></html>','<html><body><div style=\"text-align: center;\">(E) I Guerra Mundial. </div></body></html>',1,1),(101,'<html><body><b>(IFC 2017)</b> No dia 1o de maio de 1940, o presidente do Brasil, Getúlio Vargas, reuniu, no estádio de futebol de São Januário, na cidade do Rio de Janeiro, a então capital federal, cerca de 40 mil pessoas para celebrar o dia do trabalhador. Esta foi a primeira vez que o trabalhador no Brasil recebeu a celebração oficial que instituiu aquela data como feriado nacional.<br><div style=\"text-align: center;\"><img src=\"file:/home/flipifc/Área de Trabalho/FlipIFC/imagensq/hq2.jpg\" width=\"300\" height=\"200\"></div><br><div style=\"text-align: right;\">Fonte: https://agencia.fiocruz.br/sites/agencia.fiocruz.br/files/u35/poli_vargas.jpg.</div><br>O marco histórico sobre a organização do mundo do trabalho, criado a partir do governo Vargas, durante o Estado Novo, é:</body></html>','<html><body><div style=\"text-align: center;\">(A) o reconhecimento, por parte do Estado Novo, do Partido Comunista como representante político legítimo dos interesses dos trabalhadores. </div></body></html>','<html><body><div style=\"text-align: center;\">(B) a abolição legal do trabalho escravo no Brasil, eliminando de vez o trabalho forçado na sociedade brasileira. </div></body></html>','<html><body><div style=\"text-align: center;\">(C) a emissão de passaporte nacional aos imigrantes, valorizando nesse momento a sua mão de obra em detrimento do trabalhador nacional. </div></body></html>','<html><body><div style=\"text-align: center;\">(D) a instituição da Consolidação das Leis Trabalhistas, que passava a regulamentar as relações trabalhistas no país. </div></body></html>','<html><body><div style=\"text-align: center;\">(E) a criação do primeiro sindicato e da primeira greve de trabalhadores, que tinham como finalidade representar os diferentes tipos de trabalhadores existentes naquele momento no Brasil. </div></body></html>',4,1),(102,'<html><body><b>(IFC 2017)</b> Observe a imagem, que apresenta o fluxo comercial do ano de 2010, em euros, entre União Europeia e China:<br><div style=\"text-align: center;\"><img src=\"file:/home/flipifc/Área de Trabalho/FlipIFC/imagensq/hq3.png\" width=\"350\" height=\"200\"></div><br><div style=\"text-align: right;\">Fonte: http://www.europarl.europa.eu (Adaptado)</div>A respeito do comércio entre União Europeia e a China, conforme apresentado na imagem, é correto afirmar que ambos:</body></html>','<html><body><div style=\"text-align: center;\">(A) possuem dependências comerciais, predominando, na China, a exportação de gêneros agrícolas. </div></body></html>','<html><body><div style=\"text-align: center;\">(B) se beneficiam mutuamente das relações comerciais, predominando maior fluxo da China para aUnião Europeia. </div></body></html>','<html><body><div style=\"text-align: center;\">(C) possuem relações de cooperação comercial, devido ao interesse da União Europeia em fortalecer o socialismo chinês. </div></body></html>','<html><body><div style=\"text-align: center;\">(D) se fortalecem comercialmente, predominando, na União Europeia, a exportação de recursos minerais. </div></body></html>','<html><body><div style=\"text-align: center;\">(E) consolidam práticas comerciais competitivas, devido aos altos salários pagos à mão de obra chinesa. </div></body></html>',2,1),(104,'<html><body><b>(IFC 2017)</b> Na sociedade do século XX e do início do século XXI, os meios de comunicação de massa atuam como poderosos produtores de padrões culturais, normas morais de comportamento e de formas distintas de sentir, ver, ouvir e pensar o mundo. O poder dos meios de comunicação baseia-se, sobretudo, na ampla aceitação e na incorporação desses veículos discursivos no cotidiano das pessoas.<br>Com base neste enunciado, analise e assinale a alternativa que corresponde corretamente ao ponto de vista apresentado:</body></html>','<html><body><div style=\"text-align: center;\">(A) Ao longo do desenvolvimento da indústria cultural norte-americana, os diversos estúdios de cinema forçaram a aprovação da nacionalização dos seus enredos, proibindo o uso da imagem da bandeira americana. </div></body></html>','<html><body><div style=\"text-align: center;\">(B) A criação de faixas etárias de classificação da programação das televisões abertas e fechadas, bem como do cinema e de outros espetáculos populares, é considerada força de censura desses meios de comunicação. </div></body></html>','<html><body><div style=\"text-align: center;\">(C) O rádio tem sido, historicamente, ignorado pelas campanhas políticas e pelos informes publicitários, tendo sido substituído pelos jingles políticos produzidos para a televisão. </div></body></html>','<html><body><div style=\"text-align: center;\">(D) O monopólio da produção e da circulação da informação mantida por alguns veículos de comunicação, como a televisão e o telejornal, dificulta a percepção crítica dos diversos eventos sociais e cria modelos de consumo. </div></body></html>','<html><body><div style=\"text-align: center;\">(E) A percepção de que informação e política são pares importantes do universo do poder na sociedade brasileira é recente e surgiu a partir da popularização do acesso à rede de computadores, a Internet. </div></body></html>',4,1),(105,'<html><body><b>(IFC 2017)</b> Os estudos da Globalização apresentam suas diferentes fases e suas diferentes abordagens, dentre estas a econômica e a cultural. Identifique, entre as alternativas a seguir, a sentença que realiza a análise crítica dos efeitos da globalização cultural:</body></html>','<html><body><div style=\"text-align: center;\">(A) A homogeneização da cultura é fruto da necessidade da sociedade em experimentar novos padrões. </div></body></html>','<html><body><div style=\"text-align: center;\">(B) A globalização cultural corresponde ao mesmo conceito de globalização econômica, pois praticamente elimina as desigualdades sociais. </div></body></html>','<html><body><div style=\"text-align: center;\">(C) A globalização cultural torna as sociedades cada vez mais iguais economicamente. </div></body></html>','<html><body><div style=\"text-align: center;\">(D) A homogeneização de padrões ocorre independente do processo de globalização. </div></body></html>','<html><body><div style=\"text-align: center;\">(E) A globalização cultural é um fenômeno da globalização que homogeniza hábitos e consumo das sociedades. </div></body></html>',5,1),(106,'<html><body><b>(IFC 2016)</b> Leia o texto abaixo:<br>Sobre um período da geopolítica mundial no século XX, o historiador britânico Eric Hobsbawm (1917 – 2012) em seu livro “A era dos extremos – O breve século XX”, escreveu: “A Segunda Guerra Mundial mal terminara quando a humanidade mergulhou no que se pode encarar, razoavelmente, como uma Terceira Guerra Mundial, embora uma guerra muito peculiar” (1995:223).<br><div style=\"text-align: right;\">Fonte: Hobsbawm, E. A era dos extremos: O breve século XX. São Paulo: Companhia das Letras, 1995.</div><br>Sobre a afirmação do historiador a respeito de uma guerra muito peculiar, podemos afirmar que:</body></html>','<html><body><div style=\"text-align: center;\"> (A) Trata-se de uma guerra cibernética, protagonizada pela China e Cuba, por meio de hackers, para obter informações estratégicas na rede mundial de computadores. </div></body></html>','<html><body><div style=\"text-align: center;\"> (B) Trata-se de uma guerra convencional que ocorreu entre as principais potências militares daquela época (EUA e URSS), protagonizadas na Ásia. </div></body></html>','<html><body><div style=\"text-align: center;\"> (C) Trata-se de uma guerra de tensões, denominada também de Guerra Fria, onde a qualquer momento um ataque nuclear poderia acontecer. </div></body></html>','<html><body><div style=\"text-align: center;\"> (D) Trata-se de uma guerra moderna, com a utilização de equipamentos de alta tecnologia, operando em lugares estratégicos como Iraque e Arábia Saudita. </div></body></html>','<html><body><div style=\"text-align: center;\"> (E) Trata-se de uma guerra convencional que aconteceu na América Latina e África, na qual os países aliados à URSS lutaram contra os extremistas islâmicos. </div></body></html>',3,1),(107,'<html><body><b>(IFC 2016)</b> Em 13 de dezembro de 1968 o regime militar brasileiro promulgou o Ato Institucional número 5 – o AI-5, considerado um importante marco do período da ditadura militar.<br>Sobre o AI-5 e o período da ditadura militar brasileira, assinale a alternativa CORRETA:</body></html>','<html><body><div style=\"text-align: center;\"> (A) O AI-5 foi uma das primeiras ações do então recente regime militar, instituindo o bipartidarismo e a legalidade do uso da tortura como forma de punir crimes políticos. </div></body></html>','<html><body><div style=\"text-align: center;\"> (B) A promulgação do AI-5 instituiu a anistia política e marcou a abertura do regime militar, sendo considerado o início do processo de redemocratização do Brasil. </div></body></html>','<html><body><div style=\"text-align: center;\"> (C) O AI-5 foi a resposta do governo militar à campanha “Diretas já”, instituindo o voto direto para presidente e nomeando parlamentares para a elaboração de uma nova Constituição democrática no Brasil. </div></body></html>','<html><body><div style=\"text-align: center;\"> (D) O AI-5 foi uma importante legislação aprovada por Getúlio Vargas que garantiu direitos trabalhistas que temos até hoje, como o salário mínimo e as férias remuneradas. </div></body></html>','<html><body><div style=\"text-align: center;\"> (E) O AI-5 é considerado um marco do endurecimento do regime militar no Brasil, dando amplos poderes ao presidente e limitando ainda mais os direitos políticos dos cidadãos. </div></body></html>',5,1),(108,'<html><body><b>(IFC 2016)</b> Leia o texto abaixo:<br> “O racismo, que não é exclusividade do Ocidente ou da situação colonial (o caso do antissemitismo é um exemplo), é, de um ponto de vista histórico, um aliado e um produto parcial do colonialismo. As vítimas mais óbvias do racismo são aqueles cujas identidades foram forjadas no caldeirão colonial: os africanos, os asiáticos e os povos nativos das Américas, assim como aqueles que foram deslocados pelo colonialismo, como é o caso dos asiáticos e os caribenhos na Grã-Bretanha ou os árabes na França”.<br> <div style=\"text-align: right;\">SHOHAT, Ella; STAM, Robert. Crítica da imagem eurocêntrica: multiculturalismo e representação. São Paulo: Cosac Naify, 2006, p. 45).</div><br> Duas nações da América, cujos territórios foram colonizados por europeus, enfrentam até hoje as consequências do racismo em suas relações sociais, adotando políticas de ações afirmativas de ingresso às universidades para as populações marginalizadas através da discriminação racial. Com base no texto acima e nesta afirmação, assinale a alternativa correta:</body></html>','<html><body><div style=\"text-align: center;\"> (A) Estados Unidos da América (colônia holandesa) e Jamaica (colônia espanhola). </div></body></html>','<html><body><div style=\"text-align: center;\"> (B) Brasil (colônia espanhola) e México (colônia francesa). </div></body></html>','<html><body><div style=\"text-align: center;\"> (C) Estados Unidos da América (colônia inglesa) e Jamaica (colônia portuguesa). </div></body></html>','<html><body><div style=\"text-align: center;\"> (D) Brasil (colônia portuguesa) e Estados Unidos da América (colônia inglesa). </div></body></html>','<html><body><div style=\"text-align: center;\"> (E) Brasil (colônia portuguesa) e Estados Unidos da América (colônia holandesa). </div></body></html>',4,1),(109,'<html><body><b>(IFC 2015)</b> Com base na interpretação da charge abaixo (Fig. 1 e 2) e no seu conhecimento sobre os povos indígenas brasileiros, assinale a alternativa <b>CORRETA</b>:<br><div style=\"text-align: center;\"><img src=\"file:/home/flipifc/Área de Trabalho/FlipIFC/imagensq/hq4.jpg\" width=\"330\" height=\"280\"></div><br><div style=\"text-align: right;\"> (Disponível em: http://cespculturaindigena.blogspot.com.br/2013/04/para-refletir.html, acesso em 25/08/2014. Adaptado).</div></body></html>','<html><body><div style=\"text-align: center;\"> (A) Os indígenas do Brasil estão localizados somente no estado da Amazônia, onde há mais florestas e rios. </div></body></html>','<html><body><div style=\"text-align: center;\"> (B) A pessoa na figura 2 utilizando um computador não é considerada indígena, pois utiliza objetos e tecnologias que não pertencem a sua cultura. </div></body></html>','<html><body><div style=\"text-align: center;\"> (C) No Brasil, devido ao processo de civilização e integração à sociedade nacional, não existem mais indígenas. </div></body></html>','<html><body><div style=\"text-align: center;\"> (D) Para ser indígena é preciso andar nu ou com uma tanga, usar cocar, viver em uma oca, fazer fogueira, como mostra a figura 1. </div></body></html>','<html><body><div style=\"text-align: center;\"> (E) Independentemente do uso de objetos e tecnologias, o indígena não deixa de ser o que é, pois, ser indígena é identificar-se com sua etnia e ser reconhecido como tal. </div></body></html>',5,1),(110,'<html><body><b>(IFC 2015)</b> “A colônia era considerada pela metrópole uma retaguarda econômica e, como tal, devia estar a seu serviço, gerando mercadorias e tributos. Em outras palavras, a colônia existia para ser explorada pela metrópole.”<br><div style=\"text-align: right;\"> (KOSHIBA, Luiz; PEREIRA, Denise M. F. História do Brasil no contexto da história ocidental. 8a ed. São Paulo: Atual, 2003, p.80.)</div><br>Considerando que o Brasil passou por esse processo exploratório, tendo Portugal como sua metrópole, assinale a alternativa que contenha características de uma colônia de exploração: </body></html>','<html><body><div style=\"text-align: center;\"> (A) Monocultura, minifúndio, exportação, sistema escravista. </div></body></html>','<html><body><div style=\"text-align: center;\"> (B) Monocultura, latifúndio, exportação, sistema escravista. </div></body></html>','<html><body><div style=\"text-align: center;\"> (C) Policultura, latifúndio, importação, trabalho livre. </div></body></html>','<html><body><div style=\"text-align: center;\"> (D) Policultura, latifúndio, exportação, trabalho livre. </div></body></html>','<html><body><div style=\"text-align: center;\"> (E) Monocultura, latifúndio, importação, trabalho livre. </div></body></html>',2,1),(111,'<html><body><b>(IFC 2015)</b> Democracia é uma forma de governo que tem como característica básica a escolha de governantes pelo povo.  <div style=\"text-align: right;\"> (SILVA, Kalina Vanderlei; SILVA, Maciel Henrique. Dicionário de conceitos históricos. 3a Ed. São Paulo: Contexto, 2013, p. 89.).</div><br> A democracia surgiu na Grécia Antiga onde os cidadãos discutiam em praça pública, chamada de ágora. Esse ano o povo brasileiro exerceu nas urnas o seu direito de cidadão, pois é um país democrático. Entretanto, o cidadão da Grécia antiga que participava da vida política não é o mesmo do Brasil de hoje. Assinale a alternativa que contenha respectivamente o cidadão que participava na democracia da Grécia antiga e o cidadão que pode exercer o direito de votar no Brasil atualmente:</body></html>','<html><body><div style=\"text-align: center;\"> (A) Homens livres, acima de 21 anos de idade, filho de pai e mãe ateniense/ Homens e mulheres acima de 16 anos de idade. </div></body></html>','<html><body><div style=\"text-align: center;\"> (B) Homens estrangeiros, acima de 21 anos de idade, filho de pai e mãe ateniense/ Homens e mulheres acima de 16 anos de idade. </div></body></html>','<html><body><div style=\"text-align: center;\"> (C) Homens e mulheres livres, acima de 21 anos de idade, filho(a) de pai e mãe ateniense/ Homens e mulheres acima de 21 anos de idade. </div></body></html>','<html><body><div style=\"text-align: center;\"> (D) Homens livres, acima de 21 anos de idade, filho de pai e mãe ateniense/ Homens acima de 16 anos de idade. </div></body></html>','<html><body><div style=\"text-align: center;\"> (E) Homens livres, acima de 21 anos de idade, filho de pai e mãe ateniense/ Homens acima de 21 anos de idade. </div></body></html>',1,1),(112,'<html><body><b>(IFC 2015)</b> Em 2014 completam-se 50 anos do Golpe Militar no Brasil, ocorrido em 1964. Sobre o período da Ditadura Militar brasileira, assinale a alternativa CORRETA.</body></html>','<html><body><div style=\"text-align: center;\"> (A) O Ato Institucional número 5, o famoso AI-5, promulgado em 1968, foi um marco importante do regime militar. A partir desse momento, a perseguição aos opositores do governo e a tortura diminuíram drasticamente, gerando um clima de tranquilidade e esperança na esquerda brasileira. </div></body></html>','<html><body><div style=\"text-align: center;\"> (B) Esse foi um período de ampla aceitação da participação popular nas decisões sobre os rumos do país, ou seja, um período marcadamente democrático. </div></body></html>','<html><body><div style=\"text-align: center;\"> (C) O regime militar incentivava a existência de diversos partidos políticos, o que contribuiu para um clima de construtivo debate político. </div></body></html>','<html><body><div style=\"text-align: center;\"> (D) Artistas como Chico Buarque, Gilberto Gil e Caetano Veloso apoiavam o regime militar, compondo canções de apoio à ditadura, como é o caso da música “Apesar de Você”. </div></body></html>','<html><body><div style=\"text-align: center;\"> (E) Apesar da forte repressão que caracterizou esse período, houve diversas formas de oposição e combate ao regime militar, desde a luta armada, até músicas de protesto. </div></body></html>',5,1),(113,'<html><body><b>(IFC 2015)</b> Observe a figura:<br> <div style=\"text-align: center;\"> <img src=\"file:/home/flipifc/Área de Trabalho/FlipIFC/imagensq/hq5.jpg\" width=\"350\" height=\"200\"></div><div style=\"text-align: right;\"> Fonte: Polyp. Disponível em: http://www.polyp.org.uk/</div><div style=\"text-align: center;\"> <b>Texto</b></div> “A globalização dividiu o mundo em espaços da globalização. Temos os espaços que mandam e outros espaços (os quais vivem a maioria da população) que estão excluídos desse processo de decisão”.<br> <div style=\"text-align: right;\"> (Adaptado de: STRAFORINI, Rafael. Ensinar Geografia: o desafio da totalidade-mundo nas séries iniciais. São Paulo: Annablume, 2004.) </div><br> A partir do texto, pode-se afirmar que a figura acima é uma crítica a esse processo de globalização pois:</body></html>','<html><body><div style=\"text-align: center;\"> (A) Demonstra que a globalização gera autonomia ao continente africano, que passa a decidir o melhor modo de se desenvolver em um mundo cada vez mais isolado e sem comunicação. </div></body></html>','<html><body><div style=\"text-align: center;\"> (B) A globalização atinge, de modo igual, todos os lugares do globo, levando continentes como a América do Sul e a África a uma situação de riqueza econômica e social. </div></body></html>','<html><body><div style=\"text-align: center;\"> (C) Apresenta que o processo de globalização leva igualdade a todas as regiões do mundo, acabando com as desigualdades entre povos e continentes. </div></body></html>','<html><body><div style=\"text-align: center;\"> (D) Representa que a globalização leva a um processo de desigualdade entre as regiões do globo, como o aumento da riqueza da América do Norte e da Europa. </div></body></html>','<html><body><div style=\"text-align: center;\"> (E) Retrata a distribuição de renda por parte da Europa para países com graves problemas financeiros. Tal processo eliminou a desigualdade entre continentes. </div></body></html>',4,1),(114,'<html><body><b>(IFC 2015)</b> Observe a charge:<br><div style=\"text-align: center;\"> <img src=\"file:/home/flipifc/Área de Trabalho/FlipIFC/imagensq/hq6.jpg\" width=\"210\" height=\"200\"></div><div style=\"text-align: right;\">Fonte: Mundo bipolar. Charge disponível em: http://portaldoprofessor.mec.gov.br/fichaTecnicaAula.html?aula=41579</div><br>A charge acima satiriza a divisão do mundo durante o que ficou conhecido como “Guerra Fria” (1945-1990). A guerra fria foi um período de enorme tensão e medo, onde o mundo foi dividido em dois blocos, um “capitalista” e outro “socialista”. As disputas entre os dois blocos na área política, ideológica e militar eram intensas. As duas nações que lideravam cada um desses blocos eram, respectivamente:</body></html>','<html><body><div style=\"text-align: center;\"> (A) Estados Unidos e União Soviética. </div></body></html>','<html><body><div style=\"text-align: center;\"> (B) Alemanha e Israel. </div></body></html>','<html><body><div style=\"text-align: center;\"> (C) Brasil e Argentina. </div></body></html>','<html><body><div style=\"text-align: center;\"> (D) Canadá e Antártida. </div></body></html>','<html><body><div style=\"text-align: center;\"> (E) China e Japão. </div></body></html>',1,1),(115,'<html><body><b>(IFC 2015)</b> Leia a informação abaixo:<br> <div style=\"text-align: center;\">“Maior usina solar do Brasil entra em funcionamento em Tubarão, no Sul de Santa Catarina.” </div><div style=\"text-align: right;\">http://diariocatarinense.clicrbs.com.br/sc/geral/noticia/2014/08/</div> Com base nela, assinale a alternativa correta:</body></html>','<html><body><div style=\"text-align: center;\"> (A) A energia solar pertence ao grupo das fontes renováveis que são aquelas inesgotáveis, encontradas na natureza em grande quantidade ou possuem a capacidade de regeneração por meios naturais. </div></body></html>','<html><body><div style=\"text-align: center;\"> (B) A energia solar é a mais utilizada no Brasil, pelo predomínio de climas tropicais que possibilitam uma intensa radiação solar durante o ano. </div></body></html>','<html><body><div style=\"text-align: center;\"> (C) O uso de energia solar oferece prejuízos ao ambiente, especificamente pela falta de capacidade de renovação e pelo aumento das emissões de gases de efeito estufa. </div></body></html>','<html><body><div style=\"text-align: center;\"> (D) O Brasil não tem potencial de produção de energia solar, pois seu território está localizado em altas latitudes com o predomínio de climas frios. </div></body></html>','<html><body><div style=\"text-align: center;\"> (E) A energia solar é uma fonte energética produzida a partir da força dos ventos – é abundante, renovável, limpa e disponível em muitos lugares. </div></body></html>',1,1),(116,'<html><body><b>(IFC 2014)</b> Assinale V para Verdadeiro e F para Falso em relação à estrutura geológica da Terra:<br>( ) A teoria da tectônica de placas explica que a litosfera é formada por placas que flutuam sobre o manto por serem mais rígidas e sólidas. Isso ocorre ao longo do tempo geológico. <br>( ) A estrutura da Terra costuma-se dividir em: crosta, manto e núcleo. O manto é formado de níquel e ferro em estado de fusão. É a parte mais densa do planeta. <br>( ) Os dobramentos são resultado do choque entre placas tectônicas que provocam o enrugamento da crosta. São responsáveis pela formação das grandes cadeias de montanhas ou cordilheiras. <br>( ) Vulcanismo é o conjunto de processos que provoca a ascensão do magma (localizado no interior da litosfera) até a superfície, ao longo de fendas na crosta terrestre. <br> A sequência CORRETA de preenchimento dos parênteses, de cima para baixo é:</body></html>','<html><body><div style=\"text-align: center;\"> (A) V, F, V, F</div></body></html>','<html><body><div style=\"text-align: center;\"> (B) F, F, V, V</div></body></html>','<html><body><div style=\"text-align: center;\"> (C) V, V, V, V</div></body></html>','<html><body><div style=\"text-align: center;\"> (D) F, V, F, F</div></body></html>','<html><body><div style=\"text-align: center;\"> (E) V, F, V, V</div></body></html>',5,1),(117,'<html><body><b>(IFC 2014)</b> Assinale a alternativa que define corretamente o fenômeno climático EI Nino.</body></html>','<html><body><div style=\"text-align: center;\">(A) É um fenômeno que consiste na retenção de calor irradiado pela superfície terrestre nas partículas de gases e de água em suspensão na atmosfera. </div></body></html>','<html><body><div style=\"text-align: center;\"> (B) É um fenômeno que se manifesta com um aquecimento das águas do Oceano Índico nas proximidades do continente africano e asiático. </div></body></html>','<html><body><div style=\"text-align: center;\"> (C) É um fenômeno que se manifesta com um resfriamento do Oceano Pacífico nas proximidades do Equador. </div></body></html>','<html><body><div style=\"text-align: center;\"> (D) É um fenômeno que se manifesta com um aquecimento das águas do Oceano Pacífico nas proximidades do Equador. </div></body></html>','<html><body><div style=\"text-align: center;\"> (E) É um fenômeno que se caracteriza por momentos de aquecimento e posteriormente resfriamento das águas oceânicas, devido à irradiação solar. </div></body></html>',4,1),(118,'<html><body><b>(IFC 2014)</b> As formações vegetais são tipos de vegetação facilmente identificáveis na paisagem e que dominam extensas áreas. No Brasil percebe-se uma variedade de biomas, relacionados à grande diversidade da fauna e da flora brasileira. Uma das principais formações vegetais no território brasileiro é a Mata Atlântica. Assinale a alternativa que corresponde às características dessa formação vegetal.</body></html>','<html><body><div style=\"text-align: center;\"> (A) Essa formação também pode ser chamada de floresta pluvial subtropical. Nativa do Brasil, é uma floresta onde predomina a araucária, adaptada a climas de temperaturas moderadas a baixas no inverno. </div></body></html>','<html><body><div style=\"text-align: center;\"> (B) Essa formação também pode ser chamada de floresta pluvial tropical, com clima quente e úmido. Originalmente essa floresta ocupava toda a faixa litorânea do Brasil, desde o Rio Grande do Norte até o Rio Grande do Sul. </div></body></html>','<html><body><div style=\"text-align: center;\"> (C) Essa formação vegetal é caracterizada como mata de transição entre formações bastante distintas. Apresenta três estratos de vegetação que são: igapó (área inundada), várzea (sujeita a inundações) e terra firme. </div></body></html>','<html><body><div style=\"text-align: center;\"> (D) Essa formação corresponde à maior floresta tropical do mundo totalizando 40% das florestas pluviais do planeta. São consideradas formações vegetais litorâneas com predominância de gramíneas. </div></body></html>','<html><body><div style=\"text-align: center;\"> (E) Essa formação vegetal estende-se pelos estados do Mato Grosso do Sul e Mato Grosso, em planícies sujeitas a inundações. Possui vegetação rasteira e abriga uma fauna muito rica. </div></body></html>',2,1),(119,'<html><body><b>(IFC 2014)</b> Em 1808, a corte portuguesa, liderada por Dom João, é transferida para o Brasil, nesse período, uma das colônias de Portugal. A presença da administração real mudou a vida social, política, econômica e cultural da colônia. A vinda da família real portuguesa foi motivada: </body></html>','<html><body><div style=\"text-align: center;\"> (A) Devido às Guerras dos Bôeres. </div></body></html>','<html><body><div style=\"text-align: center;\"> (B) Devido à Revolução Industrial. </div></body></html>','<html><body><div style=\"text-align: center;\"> (C) Devido à Revolução Russa. </div></body></html>','<html><body><div style=\"text-align: center;\"> (D) Devido às Guerras Napoleônicas. </div></body></html>','<html><body><div style=\"text-align: center;\"> (E) Devido à Inconfidência Mineira. </div></body></html>',4,1),(120,'<html><body><b>(IFC 2014)</b> O processo de descolonização da África começou a ser discutido no final da década de 1910, com os Congressos Pan-Africanos, mas efetivamente a descolonização do continente ocorre somente após o fim da 2ª Guerra Mundial. A independência dos países africanos foi marcada por: </body></html>','<html><body><div style=\"text-align: center;\"> (A) Problemas resultantes da herança de exploração colonial, como a instalação de multinacionais europeias, que foram retiradas com as independências, empobrecendo assim os novos países. </div></body></html>','<html><body><div style=\"text-align: center;\"> (B) Problemas resultantes da herança capitalista, pois os países europeus retiraram seus capitais financeiros do continente, devido à instabilidade econômica pós-independências. </div></body></html>','<html><body><div style=\"text-align: center;\"> (C) Enormes problemas resultantes da herança colonial, como a insatisfação da nova elite econômica com as eleições democráticas realizadas pós-independências. </div></body></html>','<html><body><div style=\"text-align: center;\"> (D) Enormes problemas resultantes da herança colonial, como a rivalidade de grupos étnicos que não foi levada em consideração ao se definir as novas fronteiras. </div></body></html>','<html><body><div style=\"text-align: center;\"> (E) Enormes problemas resultantes da herança colonial, como as novas fronteiras que foram traçadas e isolaram as populações nativas do acesso à terra, isolando-as nas periferias das grandes cidades. </div></body></html>',4,1),(121,'<html><body><b>(IFC 2014)</b> A ditadura militar no Brasil iniciou no ano de 1964 e somente terminou no ano de 1985. As formas de resistência e oposição por parte de diferentes setores sociais ao novo regime instalado ocorreram de inúmeras formas ao longo desse período. Umas dessas formas de resistência foram as ações armadas, seja nas cidades ou no campo. Assinale a alternativa correta que apresente grupos armados que praticaram tais ações no período citado: </body></html>','<html><body><div style=\"text-align: center;\"> (A) Ação Libertadora Nacional (ALN), Comando Geral dos Trabalhadores (CGT) e Guerrilha do Araguaia. </div></body></html>','<html><body><div style=\"text-align: center;\"> (B) Ação Libertadora Nacional (ALN), Vanguarda Nacional Revolucionária (VNR) e Movimento Democrático Nacional (MDB). </div></body></html>','<html><body><div style=\"text-align: center;\"> (C) Ação Libertadora Nacional (ALN), União Nacional dos Estudantes (UNE) e Movimento Democrático Nacional (MDB). </div></body></html>','<html><body><div style=\"text-align: center;\"> (D) Ação Libertadora Nacional (ALN), Movimento Democrático Nacional (MDB) e Guerrilha do Araguaia. </div></body></html>','<html><body><div style=\"text-align: center;\"> (E) Ação Libertadora Nacional (ALN), Vanguarda Popular Revolucionária (VPR) e Guerrilha do Araguaia. </div></body></html>',5,1),(122,'<html><body><b>(IFC 2014)</b> Com o fim da 2ª Guerra Mundial, em 1945, uma nova ordem geopolítica surge, com os Estados Unidos e a União Soviética como as novas potências militares e econômicas mundiais. Assim, novas políticas passam a ser criadas e aplicadas, como uma tentativa de ampliar o controle sobre diferentes áreas de influência. Nesse contexto, os Estados Unidos decretam em 1947 a Doutrina Truman, cujo princípio era: </body></html>','<html><body><div style=\"text-align: center;\"> (A) O direito dos Estados Unidos fornecerem ajuda, militar e/ou econômica, a qualquer país ameaçado a ser isolado pelo bloqueio marítimo da União Soviética. </div></body></html>','<html><body><div style=\"text-align: center;\"> (B) O direito dos Estados Unidos fornecerem ajuda, militar e/ou econômica, a qualquer país que desrespeitasse os direitos humanos. </div></body></html>','<html><body><div style=\"text-align: center;\"> (C) O direito dos Estados Unidos fornecerem ajuda, militar e/ou econômica, a qualquer país ameaçado pelo terrorismo. </div></body></html>','<html><body><div style=\"text-align: center;\"> (D) O direito dos Estados Unidos fornecerem ajuda, militar e/ou econômica, a qualquer país ameaçado pelo comunismo. </div></body></html>','<html><body><div style=\"text-align: center;\"> (E) O direito dos Estados Unidos fornecerem ajuda, militar e/ou econômica, a qualquer país ameaçado por crises alimentares ou humanitárias. </div></body></html>',4,1),(123,'<html><body><b>(IFC 2014)</b> O século XIX é marcado pela independência dos países da América Latina, sendo este processo influenciado por fatores externos e internos. Dentre os personagens que contribuíram para a independência dos países da América Espanhola podemos citar os crioulos. Assinale a alternativa correta que apresenta as características desse grupo: </body></html>','<html><body><div style=\"text-align: center;\"> (A) Eram descendentes dos espanhóis nascidos na América e constituíam a elite religiosa, sendo os únicos aceitos nas ordens religiosas americanas. </div></body></html>','<html><body><div style=\"text-align: center;\"> (B) Eram descendentes dos espanhóis nascidos na América e que viviam nas áreas rurais, sendo pequenos proprietários de terras. </div></body></html>','<html><body><div style=\"text-align: center;\"> (C) Eram descendentes dos espanhóis nascidos na América e utilizavam da mão de obra assalariada dos indígenas, diferentemente de outros grupos sociais que os escravizavam. </div></body></html>','<html><body><div style=\"text-align: center;\"> (D) Eram descendentes dos espanhóis nascidos na América e constituíam a elite econômica e intelectual. </div></body></html>','<html><body><div style=\"text-align: center;\"> (E) Eram descendentes dos espanhóis nascidos na América e que buscavam fortalecer seu poder político e econômico através de iniciativas industrializantes. </div></body></html>',4,1),(124,'<html><body><b>(IFC 2013)</b> Leia o texto e responda a questão:<br>“Para servir aos coronéis [ou chefes políticos], os sertanejos de qualquer categoria social, trabalhador, parceiro ou pequeno proprietário, e a fim de dar uma aparência legal ao predomínio dos mesmos, tinha de \'votar com ele\'. Os analfabetos aprendiam às vezes assinar o nome para poder lançar na urna o voto cujo nome não podiam ler. E, se o pudessem, seria a mesma coisa. Em véspera de eleição, eram conduzidos em lotes, de qualquer modo, aos locais próximos dos postos eleitorais onde eram guardados às vezes com sentinelas, nos chamados quartéis ou currais, nos quais se fazia a concentração de eleitores. O chefe político lhes dava, além da condução, roupa, cachaça e uma papeleta de voto.” <div style=\"text-align: right;\"> (BASBAUM, L. História Sincera da República. De 1889 a 1930. 4ª ed. São Paulo, Alfa-Omega, 1981, pp. 191).</div>O texto se refere ao período da história brasileira conhecido como República Velha (1889-1930). Com base nele e em seus conhecimentos sobre o assunto, assinale a alternativa CORRETA:</body></html>','<html><body><div style=\"text-align: center;\"> (A) Durante a República Velha os grandes coronéis controlavam os processos eleitorais, fraudando eleições e manipulando votos. </div></body></html>','<html><body><div style=\"text-align: center;\"> (B) Durante a República Velha os grandes coronéis alfabetizavam os eleitores em troca de favores políticos. </div></body></html>','<html><body><div style=\"text-align: center;\"> (C) Durante a República Velha os eleitores alfabetizados recebiam roupa, cachaça e uma papeleta de voto. </div></body></html>','<html><body><div style=\"text-align: center;\"> (D) Durante a República Velha, coronéis e eleitores eram alfabetizados nos chamados quartéis ou currais eleitorais. </div></body></html>','<html><body><div style=\"text-align: center;\"> (E) Durante a República Velha os eleitores alfabetizados não se submetiam ao poder político dos grandes coronéis. </div></body></html>',1,1),(125,'<html><body><b>(IFC 2013)</b> Leia atentamente o trecho da carta-testamento que Getúlio Vargas deixou antes de se matar, em 1954.<br>“Mais uma vez, as forças e os interesses contra o povo coordenaram-se e novamente se desencadeiam sobre mim (…)<br>A campanha subterrânea dos grupos internacionais aliou-se à dos grupos nacionais contra o regime de garantia do trabalho. (…) Contra a revisão do salário mínimo desencadearam-se os ódios. Quis criar a liberdade nacional na potencialização de nossas riquezas através da Petrobras e, mal começa esta a funcionar, a onda de agitação se avoluma.”<div style=\"text-align: right;\"> (VARGAS, Getúlio. Cartatestamento de 24 de agosto de 1954).</div>Segundo a carta-testamento de Getúlio Vargas:</body></html>','<html><body><div style=\"text-align: center;\"> (A) Através de uma campanha subterrânea Getúlio Vargas conseguiu criar a Petrobras. </div></body></html>','<html><body><div style=\"text-align: center;\"> (B) A criação da Petrobras e a revisão do salário mínimo fizeram com que Getúlio Vargas sofresse grande oposição. </div></body></html>','<html><body><div style=\"text-align: center;\"> (C) A criação da Petrobras permitiu a Getúlio Vargas revisar o salário mínimo, contrariando o interesse do povo brasileiro. </div></body></html>','<html><body><div style=\"text-align: center;\"> (D) A revisão do salário mínimo durante o governo de Getúlio Vargas garantiu a liberdade nacional. </div></body></html>','<html><body><div style=\"text-align: center;\"> (E) A oposição dos trabalhadores à criação da Petrobras levou Getúlio Vargas ao suicídio. </div></body></html>',2,1),(126,'<html><body><b>(IFC 2013)</b> Leia o texto e responda a questão.<br> “Com a crise econômica [mundial] dos anos de 1930, o Brasil viu decair muito a exportação de café, ficando, pois, sem receita para importar a quantidade de produtos manufaturados que costumava trazer de fora. Daí resultou que nossa própria capacidade industrial precisou suprir um mercado necessitado. A possibilidade de semelhante expansão ficou ainda maior por causa (…) do desvio de capitais do setor agrário, que vivia um momento de desestímulo (...)” <div style=\"text-align: right;\"> (LOPEZ, L.R. <b>História do Brasil Contemporâneo</b>. 2ª ed. Porto Alegre, Mercado Aberto, 1983, p.77).</div> Com base no texto acima é possível <b>afirmar</b> que:</body></html>','<html><body><div style=\"text-align: center;\"> (A) a crise econômica mundial contribuiu para a ampliação dos investimentos no setor agrário brasileiro durante a década de 1930. </div></body></html>','<html><body><div style=\"text-align: center;\"> (B) a crise econômica mundial estimulou a expansão da produção cafeeira no Brasil na década de 1930. </div></body></html>','<html><body><div style=\"text-align: center;\"> (C) a crise econômica mundial estimulou a expansão industrial brasileira na década de 1930. </div></body></html>','<html><body><div style=\"text-align: center;\"> (D) a crise econômica mundial não trouxe mudanças significativas para os rumos da economia brasileira durante a década de 1930. </div></body></html>','<html><body><div style=\"text-align: center;\"> (E) a crise econômica mundial fez com que o Brasil aumentasse a quantidade de importações durante a década de 1930. </div></body></html>',3,1),(127,'<html><body><b>(IFC 2013)</b> “Mais tarde ainda, garantiram-nos que, embora ela (a URSS) pudesse ter um grande número de bombas atômicas, certamente não seria capaz de fabricar bombas-H. E quando isso provou estar errado, os peritos sustentaram que, embora os russos possuíssem as ogivas nucleares, não tinham nem teriam meios de enviá-las de modo a poder atingir o continente americano. Supunham-se que os mísseis balísticos intercontinentais estavam além do alcance da tecnologia russa.” <div style=\"text-align: right;\"> (DEUTSCHER, I. <b>Ironias da História</b>. Rio de Janeiro, Civilização Brasileira, 1968, p.178).</div> O texto acima faz referência ao contexto da:</body></html>','<html><body><div style=\"text-align: center;\"> (A) Guerra Fria</div></body></html>','<html><body><div style=\"text-align: center;\"> (B) Primeira Guerra Mundial</div></body></html>','<html><body><div style=\"text-align: center;\"> (C) Segunda Guerra Mundial</div></body></html>','<html><body><div style=\"text-align: center;\"> (D) Guerra do Vietnã</div></body></html>','<html><body><div style=\"text-align: center;\"> (E) Guerra do Iraque</div></body></html>',1,1),(128,'<html><body><b>(IFC 2013)</b> A variação espacial e temporal dos elementos climáticos dá-se através da ação de fatores climáticos que determinam o clima de uma região. Qual alternativa abaixo <b>NÃO CORRESPONDE</b> a estes fatores?</body></html>','<html><body><div style=\"text-align: center;\"> (A) Maritimidade e continentalidade</div></body></html>','<html><body><div style=\"text-align: center;\"> (B) Atividades humanas</div></body></html>','<html><body><div style=\"text-align: center;\"> (C) Cobertura vegetal</div></body></html>','<html><body><div style=\"text-align: center;\"> (D) Latitude e altitude</div></body></html>','<html><body><div style=\"text-align: center;\"> (E) Temperatura e umidade</div></body></html>',5,1),(129,'<html><body><b>(IFC 2019)</b> Considere a seguinte sequência: 17, 21, 31, 35, 45, 49, 59, 63, ..?.. A alternativa que apresenta o próximo termo desta sequência é:</body></html>','<html><body><div style=\"text-align: center;\"> (A) 67</div></body></html>','<html><body><div style=\"text-align: center;\"> (B) 72</div></body></html>','<html><body><div style=\"text-align: center;\"> (C) 73</div></body></html>','<html><body><div style=\"text-align: center;\"> (D) 71</div></body></html>','<html><body><div style=\"text-align: center;\"> (E) 65</div></body></html>',3,4),(130,'<html><body><b>(IFC 2019)</b> Um quarto, no formato retangular, possui 2 metros (m) de largura e 4 metros (m) de comprimento. Um eletricista precisa instalar uma lâmpada no ponto central do teto deste quarto, conforme figura. <div style = \"text-align:center;\"><img src=\"file:/home/flipifc/Área de Trabalho/FlipIFC/imagensq/mq6.png\" width=\"400\" height=\"200\" > </div><br>Considerando o enunciado, a que distância aproximada estará a lâmpada de cada um dos cantos do quarto? </body></html>','<html><body><div style=\"text-align: center;\"> (A) 0,2 m</div></body></html>','<html><body><div style=\"text-align: center;\"> (B) 1,2 m</div></body></html>','<html><body><div style=\"text-align: center;\"> (C) 3,2 m</div></body></html>','<html><body><div style=\"text-align: center;\"> (D) 2,2 m</div></body></html>','<html><body><div style=\"text-align: center;\"> (E) 5,2 m</div></body></html>',4,4),(131,'<html><body><b>(IFC 2019)</b> Pedro instalou em sua casa um aparelho elétrico que funciona em 220 V (Volts). Sabe-se que este aparelho desliga se a tensão da rede elétrica for menor que 200 V e queima se a tensão passar de 240 V. Um dia após a instalação do aparelho houve um período de instabilidade na rede elétrica que é de 220 V, causando, em sequência, as seguintes variações de tensão na rede da casa de Pedro:<br><br>Variação I - a tensão da rede aumentou 5%;<br>Variação II - a tensão caiu 31 V;<br>Variação III - a tensão aumentou 15%;<br>Variação IV - a tensão caiu 15%;<br>Variação V - a tensão aumentou 31 V.<br><br>Considerando estas variações de tensão na casa de Pedro e os limites de funcionamento do aparelho elétrico, assinale a alternativa correta: </body></html>','<html><body><div style=\"text-align: center;\"> (A) A casa de Pedro ficou com uma tensão maior que 240 V na Variação I, queimando o aparelho. </div></body></html>','<html><body><div style=\"text-align: center;\"> (B) A casa de Pedro ficou com uma tensão menor que 200 V na Variação II, desligando o aparelho. </div></body></html>','<html><body><div style=\"text-align: center;\"> (C) O aparelho queimou, pois a tensão ficou acima de 240 V na Variação III. </div></body></html>','<html><body><div style=\"text-align: center;\"> (D) O aparelho desligou, pois a tensão ficou abaixo de 200 V na Variação IV.</div></body></html>','<html><body><div style=\"text-align: center;\"> (E) A casa de Pedro ficou com uma tensão maior que 240 V na Variação V e o aparelho funcionou sem problemas. </div></body></html>',4,4),(132,'<html><body><b>(IFC 2019)</b> Um retângulo com 2 centímetros (cm) de comprimento e 1 centímetro (cm) de largura terá ambas as dimensões aumentadas em x cm. Com este aumento, a área da figura passará a ser de 20 cm<sup>²</sup>.<br>Qual é a medida, em centímetros, do aumento realizado nas dimensões do retângulo? </body></html>','<html><body><div style=\"text-align: center;\"> (A) 10 cm</div></body></html>','<html><body><div style=\"text-align: center;\"> (B) -6 cm</div></body></html>','<html><body><div style=\"text-align: center;\"> (C) 3cm</div></body></html>','<html><body><div style=\"text-align: center;\"> (D) -3 cm</div></body></html>','<html><body><div style=\"text-align: center;\"> (E) 6cm</div></body></html>',3,4),(133,'<html><body><b>(IFC 2019)</b> Ao acompanhar a evolução do estado febril de um paciente internado no hospital municipal, a enfermeira responsável anotou, de hora em hora, a temperatura em graus Celsius (°C) obtida. A primeira medição ocorreu à 1 hora da manhã, e a última, às 6 horas da manhã. O gráfico a seguir foi construído de acordo com as anotações feitas pela enfermeira:<div style = \"text-align:center;\"><img src=\"file:/home/flipifc/Área de Trabalho/FlipIFC/imagensq/mq7.png\" width=\"500\" height=\"300\" > </div>Considerando o gráfico, é correto afirmar: </body></html>','<html><body><div style=\"text-align: center;\"> (A) A temperatura permaneceu constante (estável) das 5 horas às 6 horas.</div></body></html>','<html><body><div style=\"text-align: center;\"> (B) A menor temperatura apresentada pelo paciente, no período observado, ocorreu às 3 horas.</div></body></html>','<html><body><div style=\"text-align: center;\"> (C) Até às 4 horas, o paciente apenas apresentou aumento de temperatura.</div></body></html>','<html><body><div style=\"text-align: center;\"> (D) A maior temperatura registrada no período foi de 39 °C.</div></body></html>','<html><body><div style=\"text-align: center;\"> (E) Durante o período observado, o paciente só apresentou diminuição de temperatura.</div></body></html>',1,4),(134,'<html><body><b>(IFC 2019)</b> Julinho estava estudando para a prova de matemática e refazendo algumas atividades já realizadas em sala de aula quando se deparou com a seguinte expressão numérica: <div style = \"text-align:center;\"><img src=\"file:/home/flipifc/Área de Trabalho/FlipIFC/imagensq/mq8.png\" width=\"300\" height=\"75\"></div>A expressão estava com um borrão de caneta que não permitia identificar o último número. Olhando no gabarito das atividades, Julinho soube que a resposta dessa expressão era -13.<br> Qual o número encoberto pelo borrão, que torna correta a resposta que Julinho buscou no gabarito? </body></html>','<html><body><div style=\"text-align: center;\"> (A) 18</div></body></html>','<html><body><div style=\"text-align: center;\"> (B) -17</div></body></html>','<html><body><div style=\"text-align: center;\"> (C) 17</div></body></html>','<html><body><div style=\"text-align: center;\"> (D) -2</div></body></html>','<html><body><div style=\"text-align: center;\"> (E) 2</div></body></html>',5,4),(135,'<html><body><b>(IFC 2019)</b> No trecho \"[...] a pesca incidental é uma grande ameaça para a conservação da vida nos mares, <b>por isso</b>, é necessária a sensibilização e colaboração da comunidade para preservar o ambiente marinho\", a conjunção em destaque estabelece entre as orações uma relação de sentido de: </body></html>','<html><body><div style=\"text-align: center;\">(A) adição</div></body></html>','<html><body><div style=\"text-align: center;\">(B) explicação</div></body></html>','<html><body><div style=\"text-align: center;\">(C) consequência</div></body></html>','<html><body><div style=\"text-align: center;\">(D) conclusão</div></body></html>','<html><body><div style=\"text-align: center;\">(E) oposição</div></body></html>',4,3),(136,'<html><body><b>(IFC 2019 - adaptada)</b> Na Língua Portuguesa, há dois processos de formação de palavras: a derivação e a composição. Uma forma de derivação é chamada de sufixal, pois consiste no acréscimo de um sufixo ao radical. Considerando esta definição, assinale a alternativa em que todas as palavras foram formadas por esse processo: </body></html>','<html><body><div style=\"text-align: center;\">(A) pesca, decomposição, monitoramento. </div></body></html>','<html><body><div style=\"text-align: center;\">(B) conservação, sensibilização, decomposição. </div></body></html>','<html><body><div style=\"text-align: center;\">(C) tartaruga, orientação, informações. </div></body></html>','<html><body><div style=\"text-align: center;\">(D) marinho, sensibilização, ambiente. </div></body></html>','<html><body><div style=\"text-align: center;\">(E) monitoramento, marinho, conservação. </div></body></html>',5,3),(137,'<html><body><b>(IFC 2019)</b> Leia atentamente o texto a seguir:<br><b>Só para escritores</b><br><br>Quando a mulher do escritor entrou no escritório, encontrou o marido satisfeito. <br>- Acabo de bater o ponto final do meu livro! - disse ele. <br>- Que maravilha! - disse a mulher. <br>Mas depois ficou intrigada. <br>- Você não disse que não estava conseguindo escrever? <br>- Disse. <br>- Não disse que estava bloqueado, agoniado? <br>-É. <br>- E, de repente, escreveu tudo de um jato? <br>- Não, não. Ainda não escrevi o livro. Mas o ponto final já está aí!<div style=\"text-align: right;\">(VERÍSSIMO, Luis Fernando. <b>Novas comédias da vida privada</b>. Porto Alegre: L&PM, 1996. p. 327). </div><br>Considerando que o texto acima reproduz uma conversa entre marido e mulher, assinale a alternativa que indica o diálogo:</body></html>','<html><body><div style=\"text-align: center;\">(A) o uso de sinais de pontuação como interrogações e exclamações. </div></body></html>','<html><body><div style=\"text-align: center;\">(B) a presença dos travessões que introduzem as falas dos personagens. </div></body></html>','<html><body><div style=\"text-align: center;\">(C) o uso de vemos declarativos como \"disse\".</div></body></html>','<html><body><div style=\"text-align: center;\">(D) a hesitação presente na fala do marido. </div></body></html>','<html><body><div style=\"text-align: center;\">(E) a presença de um narrador. </div></body></html>',2,3),(138,'<html><body><b>(IFC 2019)</b> Leia atentamente o texto a seguir:<br><b>Retrato</b><br><br>Eu não tinha este rosto de hoje,<br>Assim calmo, assim triste, assim magro,<br>Nem estes olhos tão vazios,<br>Nem o lábio amargo.<br>Eu não tinha estas mãos sem força,<br>Tão paradas e frias e mortas;<br>Eu não tinha este coração<br>Que nem se mostra.<br>Eu não dei por esta mudança,<br>Tão simples, tão certa, tão fácil:<br>- Em que espelho ficou perdida<br>a minha face?<div style=\"text-align: right;\"> (MEIRELES. Cecília. <b>Obra poética</b>. Rio de Janeiro: Companhia J. Aguilar. 1958. p. 10.)</div>Considerando o poema \"Retrato\", de Cecília Meireles, é correto afirmar que: </body></html>','<html><body><div style=\"text-align: center;\">(A) as mudanças do eu lírico ocorreram de forma esperada, assim não se surpreende com suas novas características físicas e psicológicas. </div></body></html>','<html><body><div style=\"text-align: center;\">(B) o eu lírico já não sabe quem é ele, pois em sua infância viveu muito triste. </div></body></html>','<html><body><div style=\"text-align: center;\">(C) a ideia principal do poema é o envelhecimento do eu lírico, marcado pela passagem dos anos. </div></body></html>','<html><body><div style=\"text-align: center;\">(D) o eu lírico está satisfeito com as mudanças que ocorreram em sua vida. </div></body></html>','<html><body><div style=\"text-align: center;\">(E) as mudanças ocorridas com o eu lírico aconteceram abruptamente. </div></body></html>',3,3),(139,'<html><body><b>(IFC 2019)</b>No trecho \"O poder público, através do órgão competente, regulará as diversões e espetáculos públicos, informando sobre a natureza <span style=\"text-decoration: underline;\">deles</span> [...]\", a palavra sublinhada \"deles\" refere-se à: </body></html>','<html><body><div style=\"text-align: center;\">(A) locais e horários. </div></body></html>','<html><body><div style=\"text-align: center;\">(B) espetáculos públicos. </div></body></html>','<html><body><div style=\"text-align: center;\">(C) diversões. </div></body></html>','<html><body><div style=\"text-align: center;\">(D) diversões e espetáculos públicos. </div></body></html>','<html><body><div style=\"text-align: center;\">(E) esportes. </div></body></html>',4,3),(140,'<html><body><b>(IFC 2019 - adaptada)</b> Analise a seguinte afirmação: \"Os responsáveis pelas diversões e espetáculos públicos <span style=\"text-decoration: underline;\"> deverão afixar</span> em lugar visível e de fácil acesso [...]\". O uso do tempo verbal no futuro do presente confere ao enunciado um efeito semântico de: </body></html>','<html><body><div style=\"text-align: center;\">(A) suposição</div></body></html>','<html><body><div style=\"text-align: center;\">(B) hipótese</div></body></html>','<html><body><div style=\"text-align: center;\">(C) dúvida</div></body></html>','<html><body><div style=\"text-align: center;\">(D) possibilidade</div></body></html>','<html><body><div style=\"text-align: center;\">(E) obrigatoriedade</div></body></html>',5,3),(141,'<html><body><b>(IFC 2019)</b> Durante uma aula de Ciências, o professor discorre a respeito de Trabalho e Potência. Para tornar a aula mais interessante e instigante, o professor cita como exemplo uma corrida entre uma tartaruga e um gato. E lança o seguinte questionamento: “por que o gato adquire mais potência durante a corrida que a tartaruga?\".<br>O professor ouve diversas respostas do ponto de vista físico, porém somente uma foi satisfatória à sua pergunta.<br>Assinale a alternativa que responde corretamente a pergunta do professor. </body></html>','<html><body><div style=\"text-align: center;\">(A) Por apresentarem a mesma Potência e mesmo Trabalho, gato e tartaruga cruzam juntos a linha de chegada. </div></body></html>','<html><body><div style=\"text-align: center;\">(B) A tartaruga tem uma potência menor devido ao fato de ela desenvolver um trabalho maior num intervalo de tempo menor. </div></body></html>','<html><body><div style=\"text-align: center;\">(C) A tartaruga tem uma potência menor por ela desenvolver o mesmo trabalho num intervalo de tempo maior. </div></body></html>','<html><body><div style=\"text-align: center;\">(D) O gato e a tartaruga realizam trabalhos diferentes e tempos iguais para cruzarem alinha de chegada. </div></body></html>','<html><body><div style=\"text-align: center;\">(E) A potência é uma grandeza física que depende exclusivamente do tempo, nesse caso do tempo que o gato leva para transpor a linha de chegada. </div></body></html>',3,2),(142,'<html><body><b>(IFC 2019)</b> Métodos contraceptivos são utilizados para evitar a gravidez. Existem vários métodos, dentre eles os preservativos femininos e masculinos que são facilmente encontrados em drogarias. Já as pílulas, o DIU, a injeção e o diafragma exigem consulta e prescrição médica. Ainda, métodos como a vasectomia e ligadura de trompas exigem, além da consulta médica, procedimentos cirúrgicos. É importante ressaltar que alguns contraceptivos também podem auxiliar na prevenção de doenças sexualmente transmissíveis (DSTs), tais como AIDS, sífilis, hepatite e HPV.<br>Considerando o enunciado, assinale a alternativa que apresenta métodos contraceptivos que previnem a transmissão de DSTs: </body></html>','<html><body><div style=\"text-align: center;\">(A) pílula e injeção anticoncepcional. </div></body></html>','<html><body><div style=\"text-align: center;\">(B) DIU e diafragma. </div></body></html>','<html><body><div style=\"text-align: center;\">(C) preservativo feminino e preservativo masculino. </div></body></html>','<html><body><div style=\"text-align: center;\">(D) vasectomia e ligadura de trompas. </div></body></html>','<html><body><div style=\"text-align: center;\">(E) espermaticidas e pílula do dia seguinte. </div></body></html>',3,2),(143,'<html><body><b>(IFC 2019)</b> Observe a evolução dos modelos atômicos demonstrada na figura:<div style=\"text-align: center;\"><img src=\"file:/home/flipifc/Área de Trabalho/FlipIFC/imagensq/nq9.png\" width=\"450\" height=\"230\"></div><div style=\"text-align: right;\">(Disponível em: < http://paulosutil.blogspot.eom.br/2012/04/modelos-atomicos-orbital.html>. Acesso em: 18 jul. 2017)</div>Com a evolução dos modelos atômicos, o átomo passa a possuir carga. O modelo atômico de Rutherford-Bohr considera que o átomo possui 3 partículas principais, conhecidas como prótons, nêutrons e elétrons, cada uma com carga diferente.<br>Assinale a alternativa que se refere às cargas destas partículas. </body></html>','<html><body><div style=\"text-align: center;\">(A) Prótons - negativa, Nêutrons - negativa e Elétrons - negativa</div></body></html>','<html><body><div style=\"text-align: center;\">(B) Prótons - negativa, Nêutrons - neutra e Elétrons - negativa</div></body></html>','<html><body><div style=\"text-align: center;\">(C) Prótons - neutra, Nêutrons - neutra e Elétrons - negativa</div></body></html>','<html><body><div style=\"text-align: center;\">(D) Prótons - positiva, Nêutrons - neutra e Elétrons - negativa</div></body></html>','<html><body><div style=\"text-align: center;\">(E) Prótons - positiva, Nêutrons - negativa e Elétrons – neutra</div></body></html>',4,2),(144,'<html><body><b>(IFC 2019)</b> A tabela a seguir apresenta, nas diversas regiões do Brasil, a área plantada em relação à produção de grãos para o período de safra de 2015/2016.<div style=\"text-align: center;\"><img src=\"file:/home/flipifc/Área de Trabalho/FlipIFC/imagensq/hq7.png\" width=\"500\" height=\"155\"></div><div style=\"text-align: right;\">(Disponível em: <http://www.conab.gov.br> [Adaptado]. Acesso em: 08 abr. 2017)</div>A análise da eficiência produtiva de um determinado gênero agrícola ocorre a partir da relação entre produção desse gênero e a sua área plantada, podendo gerar ganhos econômicos significativos ao produtor. Nesse sentido, a tabela mostra que, na safra de 2015/2016, a maior eficiência produtiva ocorreu na região: </body></html>','<html><body><div style=\"text-align: center;\"> (A) Norte</div></body></html>','<html><body><div style=\"text-align: center;\"> (B) Nordeste</div></body></html>','<html><body><div style=\"text-align: center;\"> (C) Centro-Oeste</div></body></html>','<html><body><div style=\"text-align: center;\"> (D) Sudeste</div></body></html>','<html><body><div style=\"text-align: center;\"> (E) Sul</div></body></html>',4,1),(145,'<html><body><b>(IFC 2019)</b> Acerca das concepções de sociedade presentes no Brasil no início do Século XXI, analise os trechos escritos pelo jurista D. A. Dallari: <br><br>• A concepção de sociedade tradicional \"se apoia numa interpretação distorcida do liberalismo rotulada de neoliberalismo, apregoando respeito à liberdade, como direito formal, mas atenta apenas ao mundo dos negócios, ao mercado, sem nenhuma preocupação com a justiça social, com a situação daqueles que aprenderam com a história de suas famílias e com sua própria história que o direito de ser livre é apenas uma fantasia hipócrita quando concedido a uma pessoa que não tem a possibilidade de ser livre\". (DALLARI, D.A. ln: VICENTINO C. <b>História</b>. 9 ano. São Paulo: Scipione, 2011 , p. 284) <br><br>• A concepção de sociedade humanista defende que \"a primeira prioridade é a pessoa humana, com a sua dignidade e seus direitos fundamentais. O que permitiu o surgimento desta concepção foi o aparecimento do povo como protagonista\".(DALLARI, D.A. ln: VICENTINO C. <b>História</b>. 9 ano. São Paulo: Scipione, 2011, p. 284)<br><br>Agora, assinale a resposta que corretamente interpreta as duas concepções de sociedade: </body></html>','<html><body><div style=\"text-align: center;\"> (A) Elas se confrontam e são divergentes entre si. </div></body></html>','<html><body><div style=\"text-align: center;\"> (B) Elas se complementam entre si, sem divergências. </div></body></html>','<html><body><div style=\"text-align: center;\"> (C) Ambas são prioritariamente centradas na política econômica, secundariamente na política jurídica e por fim, na política social. </div></body></html>','<html><body><div style=\"text-align: center;\"> (D) Ambas resultam da expressão democrática e correspondem às necessidades e aspirações da grande maioria do povo brasileiro. </div></body></html>','<html><body><div style=\"text-align: center;\"> (E) Ambas refletem um modelo egoísta e materialista de sociedade, já superado pelo governo e pela sociedade brasileira do século XXI. </div></body></html>',1,1),(146,'<html><body><b>(IFC 2019)</b> Analise os itens abaixo e identifique os que correspondem à eclosão e aos primeiros anos da I Guerra Mundial. Depois assinale a alternativa que apresenta a resposta correta:<br>I. O estopim do conflito foi a ofensiva inglesa sobre o exército alemão, que se aproximava da cidade de Paris. Em outubro de 1914, os alemães articularam, junto de lideranças sérvias, o assassinato do arquiduque Francisco Ferdinando.<br>II.A entrada da Grã-Bretanha na guerra foi motivada pelo avanço alemão na Europa Ocidental.<br>III. O sentimento de patriotismo e o orgulho em defender a nação eram criação da ideologia nacionalista, sem a qual não teria sido possível o engajamento voluntário da população.<br>IV. A primeira investida dos alemães, em setembro de 1914, levou-os até cerca de sessenta quilômetros da cidade de Paris; porém, franceses e ingleses reagiram, obrigando o exército alemão a recuar.<br>V. As trincheiras formavam uma linha divisória de aproximadamente 650 quilômetros de extensão, marcada por fios de arame farpado e sacos de areia, estendendo-se do Canal da Mancha até a Suíça.</body></html>','<html><body><div style=\"text-align: center;\"> (A) Somente as afirmativas I, II e III estão incorretas. </div></body></html>','<html><body><div style=\"text-align: center;\"> (B) Somente as afirmativas I e III estão incorretas. </div></body></html>','<html><body><div style=\"text-align: center;\"> (C) Somente as afirmativas I, II, III e V estão corretas. </div></body></html>','<html><body><div style=\"text-align: center;\"> (D) Somente as afirmativas II, III, IV e V estão corretas. </div></body></html>','<html><body><div style=\"text-align: center;\"> (E) Nenhuma das anteriores. </div></body></html>',4,1),(147,'<html><body><b>(IFC 2019)</b> Leia o que Howard Sherman escreveu sobre os Estados Unidos da primeira metade do século XX:<br> \"[...] O produto industrial norte-americano cresceu continuamente durante a década de 1920, alcançando níveis sem paralelo em todo o mundo. [...] Essa era de prosperidade e abundância econômica foi subitamente interrompida, em 24 de outubro de 1929”.<div style=\"text-align: right;\">(SHERMAN, Howard J. & SHERMAN, E. K. <b>História do pensamento Econômico</b>. 2° ed. Petrópolis: Vozes, 1978, p. 164)</div>Os eventos históricos que se relacionam ao trecho escrito por Sherman é/são: </body></html>','<html><body><div style=\"text-align: center;\"> (A) O surgimento dos Estados Unidos como potência mundial e seu abatimento com o início da li Guerra em 1929. </div></body></html>','<html><body><div style=\"text-align: center;\"> (B) O tempo entre o início e o fim da I Guerra, marcado pela prosperidade americana e, em seguida, falta de alimentos devido aos conflitos. </div></body></html>','<html><body><div style=\"text-align: center;\"> (C) Os anos de superprodução que geraram muitas riquezas nos anos 20 e o decreto que fechava as fábricas, em outubro de 1929. </div></body></html>','<html><body><div style=\"text-align: center;\"> (D) Os investimentos sociais do governo que foram abundantes na década de 20 e a crise política que se instaurou em 1929. </div></body></html>','<html><body><div style=\"text-align: center;\"> (E) Os chamados \"anos loucos\" de prosperidade na década de 20 e a crise de 29, que assolou a economia capitalista mundial a partir de então. </div></body></html>',5,1),(148,'<html><body><b>(IFC 2019)</b> Uma massa de ar é herdeira das características climáticas dos lugares de suas origens. As massas de ar formadas nos oceanos ou sobre vastas florestas tropicais carregam sobre os seus percursos, umidades significativas dos seus locais de origem, enquanto que as massas de ar formadas no interior dos continentes são caracterizadas como massas de ar secas. Analise o gráfico a seguir:<div style=\"text-align: center;\"><img src=\"file:/home/flipifc/Área de Trabalho/FlipIFC/imagensq/hq8.png\" width=\"400\" height=\"266\"></div>Entre as cinco massas de ar que influenciam o território brasileiro, a única que tem característica seca é a: </body></html>','<html><body><div style=\"text-align: center;\"> (A) A Massa Tropical Atlântica (mTa), representada pelo número 4. </div></body></html>','<html><body><div style=\"text-align: center;\"> (B) A Massa Equatorial Continental (mEc), representada pelo número 1. </div></body></html>','<html><body><div style=\"text-align: center;\"> (C) A Massa Tropical Continental (mTc), representada pelo número 3. </div></body></html>','<html><body><div style=\"text-align: center;\"> (D) A Massa Polar Atlântica {mPa), representada pelo número 5. </div></body></html>','<html><body><div style=\"text-align: center;\"> (E) A Massa Equatorial Atlântica (mEa), representada pelo número 2</div></body></html>',3,1);
/*!40000 ALTER TABLE `questao` ENABLE KEYS */;
UNLOCK TABLES;

--
-- Table structure for table `responde`
--

DROP TABLE IF EXISTS `responde`;
/*!40101 SET @saved_cs_client     = @@character_set_client */;
/*!40101 SET character_set_client = utf8 */;
CREATE TABLE `responde` (
  `codRe` int(11) NOT NULL AUTO_INCREMENT,
  `questao` int(11) DEFAULT NULL,
  `usuario` int(11) DEFAULT NULL,
  `resultado` tinyint(4) DEFAULT NULL,
  `data_j` date DEFAULT NULL,
  PRIMARY KEY (`codRe`),
  KEY `fk_responde_questao_idx` (`questao`),
  KEY `fk_responde_usuario_idx` (`usuario`),
  CONSTRAINT `fk_responde_questao` FOREIGN KEY (`questao`) REFERENCES `questao` (`codQuestao`) ON DELETE NO ACTION ON UPDATE NO ACTION,
  CONSTRAINT `fk_responde_usuario` FOREIGN KEY (`usuario`) REFERENCES `usuario` (`codUs`) ON DELETE NO ACTION ON UPDATE NO ACTION
) ENGINE=InnoDB AUTO_INCREMENT=1604 DEFAULT CHARSET=latin1;
/*!40101 SET character_set_client = @saved_cs_client */;

--
-- Dumping data for table `responde`
--

LOCK TABLES `responde` WRITE;
/*!40000 ALTER TABLE `responde` DISABLE KEYS */;
INSERT INTO `responde` VALUES (3,9,1,1,'2019-05-20'),(4,3,1,1,'2019-05-20'),(5,32,2,1,'2019-05-20'),(6,14,2,1,'2019-05-20'),(117,28,215,0,'2019-05-22'),(118,20,215,0,'2019-05-22'),(119,24,187,0,'2019-05-22'),(120,21,187,0,'2019-05-22'),(121,130,217,1,'2019-05-22'),(122,13,217,0,'2019-05-22'),(123,6,180,0,'2019-05-22'),(124,9,180,0,'2019-05-22'),(125,133,203,0,'2019-05-22'),(126,24,203,0,'2019-05-22'),(127,19,186,0,'2019-05-22'),(128,14,186,0,'2019-05-22'),(129,25,199,0,'2019-05-22'),(130,21,199,0,'2019-05-22'),(131,20,198,0,'2019-05-22'),(132,9,198,0,'2019-05-22'),(133,22,189,0,'2019-05-22'),(134,12,189,0,'2019-05-22'),(135,130,213,1,'2019-05-22'),(136,3,213,1,'2019-05-22'),(137,30,218,0,'2019-05-22'),(138,27,218,0,'2019-05-22'),(139,18,125,0,'2019-05-23'),(140,2,125,0,'2019-05-23'),(141,129,19,1,'2019-05-23'),(142,133,19,1,'2019-05-23'),(143,10,33,1,'2019-05-23'),(144,132,33,0,'2019-05-23'),(145,15,28,1,'2019-05-23'),(146,22,28,0,'2019-05-23'),(147,16,23,1,'2019-05-23'),(148,5,23,1,'2019-05-23'),(149,30,24,0,'2019-05-23'),(150,26,24,0,'2019-05-23'),(151,2,26,1,'2019-05-23'),(152,12,26,0,'2019-05-23'),(153,3,21,0,'2019-05-23'),(154,1,21,1,'2019-05-23'),(155,24,90,0,'2019-05-23'),(156,9,90,0,'2019-05-23'),(157,8,92,1,'2019-05-23'),(158,32,92,0,'2019-05-23'),(159,5,38,0,'2019-05-23'),(160,25,38,0,'2019-05-23'),(161,14,54,0,'2019-05-23'),(162,25,54,0,'2019-05-23'),(163,28,41,0,'2019-05-23'),(164,134,41,0,'2019-05-23'),(165,20,12,0,'2019-05-23'),(166,21,12,1,'2019-05-23'),(167,6,88,0,'2019-05-23'),(168,129,88,1,'2019-05-23'),(169,133,31,1,'2019-05-23'),(170,26,31,1,'2019-05-23'),(171,22,11,1,'2019-05-23'),(172,29,11,1,'2019-05-23'),(173,130,98,0,'2019-05-23'),(174,13,98,0,'2019-05-23'),(175,26,86,1,'2019-05-23'),(176,11,86,0,'2019-05-23'),(177,2,100,1,'2019-05-23'),(178,6,100,0,'2019-05-23'),(179,132,83,1,'2019-05-23'),(180,15,83,0,'2019-05-23'),(181,5,118,0,'2019-05-23'),(182,129,118,0,'2019-05-23'),(183,10,210,0,'2019-05-23'),(184,30,210,0,'2019-05-23'),(185,23,36,0,'2019-05-23'),(186,10,36,0,'2019-05-23'),(187,19,40,0,'2019-05-23'),(188,23,40,0,'2019-05-23'),(189,12,43,0,'2019-05-23'),(190,15,43,0,'2019-05-23'),(191,15,47,1,'2019-05-23'),(192,14,47,0,'2019-05-23'),(193,12,52,0,'2019-05-23'),(194,10,52,1,'2019-05-23'),(195,6,53,0,'2019-05-23'),(196,5,53,0,'2019-05-23'),(197,14,44,0,'2019-05-23'),(198,22,44,0,'2019-05-23'),(199,2,120,0,'2019-05-23'),(200,30,120,0,'2019-05-23'),(201,2,15,1,'2019-05-23'),(202,9,15,0,'2019-05-23'),(203,21,27,1,'2019-05-23'),(204,19,27,0,'2019-05-23'),(205,2,116,0,'2019-05-23'),(206,130,116,0,'2019-05-23'),(207,131,109,0,'2019-05-23'),(208,132,109,1,'2019-05-23'),(209,22,122,0,'2019-05-23'),(210,26,122,0,'2019-05-23'),(211,26,17,0,'2019-05-23'),(212,18,17,0,'2019-05-23'),(213,22,232,1,'2019-05-23'),(214,28,232,0,'2019-05-23'),(215,18,25,0,'2019-05-23'),(216,129,25,0,'2019-05-23'),(217,19,18,0,'2019-05-23'),(218,27,18,1,'2019-05-23'),(219,29,9,1,'2019-05-23'),(220,27,9,0,'2019-05-23'),(221,31,1,0,'2019-05-23'),(222,28,1,0,'2019-05-23'),(223,5,97,0,'2019-05-23'),(224,3,97,0,'2019-05-23'),(225,21,95,0,'2019-05-23'),(226,19,95,0,'2019-05-23'),(227,2,81,0,'2019-05-23'),(228,26,81,1,'2019-05-23'),(229,25,119,0,'2019-05-23'),(230,15,119,0,'2019-05-23'),(231,17,113,0,'2019-05-23'),(232,12,113,1,'2019-05-23'),(233,16,124,1,'2019-05-23'),(234,10,124,1,'2019-05-23'),(235,130,121,0,'2019-05-23'),(236,10,121,0,'2019-05-23'),(237,24,115,0,'2019-05-23'),(238,17,115,0,'2019-05-23'),(239,13,105,0,'2019-05-23'),(240,14,105,0,'2019-05-23'),(241,8,102,0,'2019-05-23'),(242,21,102,1,'2019-05-23'),(243,6,106,0,'2019-05-23'),(244,30,106,1,'2019-05-23'),(245,11,128,0,'2019-05-23'),(246,9,128,0,'2019-05-23'),(247,130,110,0,'2019-05-23'),(248,27,110,0,'2019-05-23'),(249,22,114,0,'2019-05-23'),(250,31,114,1,'2019-05-23'),(251,21,111,1,'2019-05-23'),(252,14,111,1,'2019-05-23'),(253,2,37,0,'2019-05-23'),(254,30,37,0,'2019-05-23'),(255,14,96,1,'2019-05-23'),(256,129,96,1,'2019-05-23'),(257,17,189,0,'2019-05-23'),(258,132,189,0,'2019-05-23'),(259,17,194,1,'2019-05-23'),(260,30,194,0,'2019-05-23'),(261,4,184,1,'2019-05-23'),(262,26,184,1,'2019-05-23'),(263,21,217,0,'2019-05-23'),(264,129,217,0,'2019-05-23'),(265,31,218,1,'2019-05-23'),(266,16,218,0,'2019-05-23'),(267,27,226,0,'2019-05-23'),(268,9,226,0,'2019-05-23'),(269,21,207,1,'2019-05-23'),(270,22,207,0,'2019-05-23'),(271,129,223,0,'2019-05-23'),(272,18,223,0,'2019-05-23'),(273,134,227,0,'2019-05-23'),(274,14,227,0,'2019-05-23'),(275,12,228,0,'2019-05-23'),(276,3,228,0,'2019-05-23'),(277,8,203,0,'2019-05-23'),(278,32,203,0,'2019-05-23'),(279,14,190,1,'2019-05-23'),(280,1,190,0,'2019-05-23'),(281,133,193,0,'2019-05-23'),(282,30,193,0,'2019-05-23'),(283,13,231,1,'2019-05-23'),(284,24,231,1,'2019-05-23'),(285,2,34,0,'2019-05-24'),(286,25,34,0,'2019-05-24'),(287,27,52,0,'2019-05-24'),(288,25,52,0,'2019-05-24'),(289,130,38,1,'2019-05-24'),(290,32,38,0,'2019-05-24'),(291,134,54,0,'2019-05-24'),(292,24,54,1,'2019-05-24'),(293,6,28,0,'2019-05-24'),(294,26,28,1,'2019-05-24'),(295,19,19,0,'2019-05-24'),(296,10,19,0,'2019-05-24'),(297,26,33,1,'2019-05-24'),(298,28,33,0,'2019-05-24'),(299,6,12,0,'2019-05-24'),(300,18,12,0,'2019-05-24'),(301,18,1,0,'2019-05-24'),(302,2,1,1,'2019-05-24'),(303,18,22,1,'2019-05-24'),(304,21,22,1,'2019-05-24'),(305,18,27,1,'2019-05-24'),(306,31,27,1,'2019-05-24'),(307,30,10,1,'2019-05-24'),(308,11,10,1,'2019-05-24'),(309,32,15,0,'2019-05-24'),(310,8,15,0,'2019-05-24'),(311,12,9,0,'2019-05-24'),(312,4,9,1,'2019-05-24'),(313,13,40,0,'2019-05-24'),(314,24,40,0,'2019-05-24'),(315,31,102,1,'2019-05-24'),(316,129,102,1,'2019-05-24'),(317,133,26,0,'2019-05-24'),(318,21,26,1,'2019-05-24'),(319,23,23,0,'2019-05-24'),(320,32,23,1,'2019-05-24'),(321,31,125,1,'2019-05-24'),(322,25,125,0,'2019-05-24'),(323,29,116,1,'2019-05-24'),(324,4,116,0,'2019-05-24'),(325,17,106,0,'2019-05-24'),(326,130,106,1,'2019-05-24'),(327,21,39,1,'2019-05-24'),(328,132,39,0,'2019-05-24'),(329,130,44,1,'2019-05-24'),(330,25,44,1,'2019-05-24'),(331,19,32,1,'2019-05-24'),(332,130,32,1,'2019-05-24'),(333,17,20,1,'2019-05-24'),(334,13,20,1,'2019-05-24'),(335,8,29,1,'2019-05-24'),(336,6,29,0,'2019-05-24'),(337,27,14,1,'2019-05-24'),(338,3,14,0,'2019-05-24'),(339,22,86,1,'2019-05-24'),(340,5,86,0,'2019-05-24'),(341,23,25,1,'2019-05-24'),(342,10,25,0,'2019-05-24'),(343,22,80,1,'2019-05-24'),(344,19,80,1,'2019-05-24'),(345,30,100,1,'2019-05-24'),(346,129,100,1,'2019-05-24'),(347,29,210,1,'2019-05-24'),(348,26,210,1,'2019-05-24'),(349,22,24,1,'2019-05-24'),(350,28,24,0,'2019-05-24'),(351,14,118,0,'2019-05-24'),(352,24,118,0,'2019-05-24'),(353,2,121,0,'2019-05-24'),(354,27,121,0,'2019-05-24'),(355,10,117,0,'2019-05-24'),(356,24,117,0,'2019-05-24'),(357,28,124,1,'2019-05-24'),(358,129,124,0,'2019-05-24'),(359,5,115,0,'2019-05-24'),(360,11,115,0,'2019-05-24'),(361,134,88,0,'2019-05-24'),(362,28,88,0,'2019-05-24'),(363,11,87,1,'2019-05-24'),(364,27,87,0,'2019-05-24'),(365,30,90,0,'2019-05-24'),(366,19,90,0,'2019-05-24'),(367,8,120,0,'2019-05-24'),(368,1,120,0,'2019-05-24'),(369,23,109,0,'2019-05-24'),(370,3,109,1,'2019-05-24'),(371,134,97,0,'2019-05-24'),(372,17,97,1,'2019-05-24'),(373,1,17,0,'2019-05-24'),(374,130,17,0,'2019-05-24'),(375,15,37,0,'2019-05-24'),(376,132,37,0,'2019-05-24'),(377,18,89,0,'2019-05-24'),(378,12,89,0,'2019-05-24'),(379,23,18,0,'2019-05-24'),(380,132,18,0,'2019-05-24'),(381,13,31,1,'2019-05-24'),(382,22,31,1,'2019-05-24'),(383,23,41,0,'2019-05-24'),(384,130,41,0,'2019-05-24'),(385,132,50,1,'2019-05-24'),(386,8,50,0,'2019-05-24'),(387,26,36,1,'2019-05-24'),(388,129,36,1,'2019-05-24'),(389,16,189,0,'2019-05-24'),(390,13,189,0,'2019-05-24'),(391,31,221,1,'2019-05-24'),(392,18,221,1,'2019-05-24'),(393,5,203,1,'2019-05-24'),(394,23,203,0,'2019-05-24'),(395,11,218,0,'2019-05-24'),(396,2,218,0,'2019-05-24'),(397,134,223,0,'2019-05-24'),(398,29,223,0,'2019-05-24'),(399,17,228,0,'2019-05-24'),(400,4,228,0,'2019-05-24'),(401,31,213,0,'2019-05-24'),(402,21,213,0,'2019-05-24'),(403,2,195,0,'2019-05-24'),(404,4,195,0,'2019-05-24'),(405,8,193,1,'2019-05-24'),(406,23,193,0,'2019-05-24'),(407,25,222,1,'2019-05-24'),(408,4,222,0,'2019-05-24'),(409,10,188,0,'2019-05-24'),(410,9,188,0,'2019-05-24'),(411,6,199,0,'2019-05-24'),(412,29,199,0,'2019-05-24'),(413,14,229,0,'2019-05-24'),(414,30,229,1,'2019-05-24'),(415,3,184,1,'2019-05-24'),(416,134,184,0,'2019-05-24'),(417,133,217,0,'2019-05-24'),(418,8,217,0,'2019-05-24'),(419,14,207,0,'2019-05-24'),(420,26,207,0,'2019-05-24'),(421,17,227,0,'2019-05-24'),(422,8,227,0,'2019-05-24'),(423,23,226,0,'2019-05-24'),(424,5,226,0,'2019-05-24'),(425,110,28,0,'2019-05-29'),(426,121,28,0,'2019-05-29'),(427,147,210,0,'2019-05-29'),(428,99,210,0,'2019-05-29'),(429,113,33,1,'2019-05-29'),(430,97,33,0,'2019-05-29'),(431,100,12,1,'2019-05-29'),(432,123,12,0,'2019-05-29'),(433,120,1,0,'2019-05-29'),(434,99,1,1,'2019-05-29'),(435,125,126,0,'2019-05-29'),(436,144,126,0,'2019-05-29'),(437,113,110,1,'2019-05-29'),(438,102,110,1,'2019-05-29'),(439,108,89,0,'2019-05-29'),(440,111,89,0,'2019-05-29'),(441,119,88,0,'2019-05-29'),(442,100,88,0,'2019-05-29'),(443,120,109,0,'2019-05-29'),(444,118,109,0,'2019-05-29'),(445,146,121,0,'2019-05-29'),(446,120,121,0,'2019-05-29'),(447,109,106,0,'2019-05-29'),(448,124,106,0,'2019-05-29'),(449,127,117,0,'2019-05-29'),(450,106,117,0,'2019-05-29'),(451,146,122,1,'2019-05-29'),(452,114,122,1,'2019-05-29'),(453,111,116,0,'2019-05-29'),(454,110,116,0,'2019-05-29'),(455,124,111,1,'2019-05-29'),(456,113,111,0,'2019-05-29'),(457,121,124,1,'2019-05-29'),(458,125,124,0,'2019-05-29'),(459,116,103,0,'2019-05-29'),(460,147,103,0,'2019-05-29'),(461,125,123,0,'2019-05-29'),(462,119,123,1,'2019-05-29'),(463,105,107,1,'2019-05-29'),(464,148,107,1,'2019-05-29'),(465,115,113,0,'2019-05-29'),(466,125,113,0,'2019-05-29'),(467,144,15,0,'2019-05-29'),(468,108,15,0,'2019-05-29'),(469,148,27,0,'2019-05-29'),(470,126,27,0,'2019-05-29'),(471,110,125,1,'2019-05-29'),(472,124,125,1,'2019-05-29'),(473,127,9,1,'2019-05-29'),(474,148,9,1,'2019-05-29'),(475,127,10,1,'2019-05-29'),(476,115,10,0,'2019-05-29'),(477,113,115,0,'2019-05-29'),(478,106,115,0,'2019-05-29'),(479,126,44,0,'2019-05-29'),(480,97,44,1,'2019-05-29'),(481,126,32,0,'2019-05-29'),(482,148,32,1,'2019-05-29'),(483,101,31,1,'2019-05-29'),(484,99,31,0,'2019-05-29'),(485,117,87,0,'2019-05-29'),(486,107,87,0,'2019-05-29'),(487,123,19,0,'2019-05-29'),(488,119,19,0,'2019-05-29'),(489,106,54,0,'2019-05-29'),(490,146,54,1,'2019-05-29'),(491,128,50,1,'2019-05-29'),(492,147,50,0,'2019-05-29'),(493,108,41,0,'2019-05-29'),(494,127,41,0,'2019-05-29'),(495,98,38,0,'2019-05-29'),(496,144,38,0,'2019-05-29'),(497,106,43,0,'2019-05-29'),(498,123,43,1,'2019-05-29'),(499,125,52,0,'2019-05-29'),(500,115,52,0,'2019-05-29'),(501,116,53,0,'2019-05-29'),(502,111,53,0,'2019-05-29'),(503,104,86,1,'2019-05-29'),(504,128,86,0,'2019-05-29'),(505,115,37,1,'2019-05-29'),(506,122,37,0,'2019-05-29'),(507,120,24,0,'2019-05-29'),(508,107,24,0,'2019-05-29'),(509,105,26,0,'2019-05-29'),(510,98,26,1,'2019-05-29'),(511,122,81,0,'2019-05-29'),(512,124,81,0,'2019-05-29'),(513,97,83,1,'2019-05-29'),(514,146,83,0,'2019-05-29'),(515,118,102,1,'2019-05-29'),(516,116,102,0,'2019-05-29'),(517,127,25,0,'2019-05-29'),(518,110,25,0,'2019-05-29'),(519,111,119,0,'2019-05-29'),(520,114,119,0,'2019-05-29'),(521,114,118,1,'2019-05-29'),(522,145,118,0,'2019-05-29'),(523,127,100,1,'2019-05-29'),(524,110,100,1,'2019-05-29'),(525,148,80,0,'2019-05-29'),(526,123,80,0,'2019-05-29'),(527,98,29,0,'2019-05-29'),(528,121,29,1,'2019-05-29'),(529,128,23,0,'2019-05-29'),(530,148,23,0,'2019-05-29'),(531,104,34,0,'2019-05-29'),(532,123,34,0,'2019-05-29'),(533,126,14,0,'2019-05-29'),(534,109,14,0,'2019-05-29'),(535,102,39,0,'2019-05-29'),(536,108,39,1,'2019-05-29'),(537,120,20,0,'2019-05-29'),(538,102,20,0,'2019-05-29'),(539,148,203,0,'2019-05-29'),(540,120,203,0,'2019-05-29'),(541,145,221,0,'2019-05-29'),(542,118,221,0,'2019-05-29'),(543,120,189,1,'2019-05-29'),(544,111,189,0,'2019-05-29'),(545,99,129,0,'2019-05-29'),(546,105,129,1,'2019-05-29'),(547,110,218,0,'2019-05-29'),(548,97,218,0,'2019-05-29'),(549,144,208,0,'2019-05-29'),(550,117,208,0,'2019-05-29'),(551,97,226,1,'2019-05-29'),(552,105,226,1,'2019-05-29'),(553,105,184,0,'2019-05-29'),(554,97,184,0,'2019-05-29'),(555,121,193,0,'2019-05-29'),(556,113,193,0,'2019-05-29'),(557,122,231,0,'2019-05-29'),(558,127,231,1,'2019-05-29'),(559,109,217,1,'2019-05-29'),(560,147,217,0,'2019-05-29'),(561,145,205,0,'2019-05-29'),(562,122,205,0,'2019-05-29'),(563,124,223,0,'2019-05-29'),(564,125,223,1,'2019-05-29'),(565,99,188,0,'2019-05-29'),(566,111,188,0,'2019-05-29'),(567,118,199,0,'2019-05-29'),(568,120,199,0,'2019-05-29'),(569,97,213,1,'2019-05-29'),(570,98,213,0,'2019-05-29'),(571,122,198,0,'2019-05-29'),(572,113,198,0,'2019-05-29'),(573,127,228,1,'2019-05-29'),(574,100,228,0,'2019-05-29'),(575,105,207,0,'2019-05-29'),(576,106,207,0,'2019-05-29'),(577,111,222,0,'2019-05-29'),(578,101,222,0,'2019-05-29'),(579,125,28,0,'2019-05-30'),(580,118,28,0,'2019-05-30'),(581,102,33,0,'2019-05-30'),(582,119,33,0,'2019-05-30'),(583,104,12,0,'2019-05-30'),(584,125,12,0,'2019-05-30'),(585,145,1,0,'2019-05-30'),(586,114,1,1,'2019-05-30'),(587,98,210,0,'2019-05-30'),(588,145,210,0,'2019-05-30'),(589,115,107,0,'2019-05-30'),(590,100,107,1,'2019-05-30'),(591,148,123,0,'2019-05-30'),(592,117,123,0,'2019-05-30'),(593,144,19,0,'2019-05-30'),(594,112,19,0,'2019-05-30'),(595,113,87,0,'2019-05-30'),(596,125,87,0,'2019-05-30'),(597,100,83,1,'2019-05-30'),(598,116,83,1,'2019-05-30'),(599,107,98,1,'2019-05-30'),(600,148,98,0,'2019-05-30'),(601,104,14,0,'2019-05-30'),(602,115,14,0,'2019-05-30'),(603,112,20,0,'2019-05-30'),(604,127,20,1,'2019-05-30'),(605,116,25,0,'2019-05-30'),(606,112,25,0,'2019-05-30'),(607,112,38,1,'2019-05-30'),(608,116,38,1,'2019-05-30'),(609,110,40,1,'2019-05-30'),(610,125,40,0,'2019-05-30'),(611,112,34,0,'2019-05-30'),(612,118,34,0,'2019-05-30'),(613,119,54,0,'2019-05-30'),(614,123,54,0,'2019-05-30'),(615,110,50,0,'2019-05-30'),(616,148,50,0,'2019-05-30'),(617,146,49,0,'2019-05-30'),(618,99,49,0,'2019-05-30'),(619,104,41,0,'2019-05-30'),(620,123,41,0,'2019-05-30'),(621,113,36,0,'2019-05-30'),(622,128,36,0,'2019-05-30'),(623,120,26,0,'2019-05-30'),(624,99,26,0,'2019-05-30'),(625,99,52,0,'2019-05-30'),(626,121,52,0,'2019-05-30'),(627,111,102,0,'2019-05-30'),(628,117,102,1,'2019-05-30'),(629,100,24,1,'2019-05-30'),(630,126,24,0,'2019-05-30'),(631,123,121,0,'2019-05-30'),(632,111,121,0,'2019-05-30'),(633,97,106,0,'2019-05-30'),(634,120,106,0,'2019-05-30'),(635,102,117,0,'2019-05-30'),(636,111,117,0,'2019-05-30'),(637,97,88,0,'2019-05-30'),(638,110,88,0,'2019-05-30'),(639,121,119,0,'2019-05-30'),(640,102,119,0,'2019-05-30'),(641,98,124,0,'2019-05-30'),(642,102,124,0,'2019-05-30'),(643,119,15,0,'2019-05-30'),(644,99,15,1,'2019-05-30'),(645,127,232,0,'2019-05-30'),(646,111,232,1,'2019-05-30'),(647,127,27,1,'2019-05-30'),(648,145,27,0,'2019-05-30'),(649,113,23,0,'2019-05-30'),(650,117,23,0,'2019-05-30'),(651,113,18,1,'2019-05-30'),(652,108,18,1,'2019-05-30'),(653,122,10,0,'2019-05-30'),(654,113,10,1,'2019-05-30'),(655,121,31,1,'2019-05-30'),(656,127,31,1,'2019-05-30'),(657,115,21,1,'2019-05-30'),(658,106,21,0,'2019-05-30'),(659,127,32,1,'2019-05-30'),(660,97,32,0,'2019-05-30'),(661,97,29,1,'2019-05-30'),(662,118,29,0,'2019-05-30'),(663,97,9,1,'2019-05-30'),(664,110,9,1,'2019-05-30'),(665,121,17,0,'2019-05-30'),(666,147,17,0,'2019-05-30'),(667,145,125,0,'2019-05-30'),(668,116,125,0,'2019-05-30'),(669,145,3,0,'2019-05-30'),(670,98,3,0,'2019-05-30'),(671,122,4,0,'2019-05-30'),(672,97,4,0,'2019-05-30'),(673,148,44,0,'2019-05-30'),(674,113,44,0,'2019-05-30'),(675,148,122,1,'2019-05-30'),(676,104,122,0,'2019-05-30'),(677,123,115,0,'2019-05-30'),(678,114,115,1,'2019-05-30'),(679,107,113,0,'2019-05-30'),(680,112,113,0,'2019-05-30'),(681,117,126,0,'2019-05-30'),(682,112,126,1,'2019-05-30'),(683,114,110,1,'2019-05-30'),(684,110,110,1,'2019-05-30'),(685,128,103,0,'2019-05-30'),(686,115,103,1,'2019-05-30'),(687,128,116,0,'2019-05-30'),(688,115,116,0,'2019-05-30'),(689,110,108,0,'2019-05-30'),(690,127,108,1,'2019-05-30'),(691,117,39,0,'2019-05-30'),(692,101,39,0,'2019-05-30'),(693,115,112,0,'2019-05-30'),(694,123,112,0,'2019-05-30'),(695,120,120,0,'2019-05-30'),(696,126,120,0,'2019-05-30'),(697,109,47,0,'2019-05-30'),(698,119,47,0,'2019-05-30'),(699,110,89,0,'2019-05-30'),(700,107,89,0,'2019-05-30'),(701,100,97,0,'2019-05-30'),(702,123,97,1,'2019-05-30'),(703,121,95,0,'2019-05-30'),(704,105,95,0,'2019-05-30'),(705,118,96,0,'2019-05-30'),(706,124,96,1,'2019-05-30'),(707,128,217,0,'2019-05-30'),(708,108,217,0,'2019-05-30'),(709,117,189,0,'2019-05-30'),(710,123,189,0,'2019-05-30'),(711,119,203,0,'2019-05-30'),(712,128,203,0,'2019-05-30'),(713,100,213,1,'2019-05-30'),(714,110,213,0,'2019-05-30'),(715,145,218,0,'2019-05-30'),(716,118,218,0,'2019-05-30'),(717,100,221,1,'2019-05-30'),(718,128,221,1,'2019-05-30'),(719,144,223,0,'2019-05-30'),(720,113,223,0,'2019-05-30'),(721,108,228,0,'2019-05-30'),(722,122,228,0,'2019-05-30'),(723,102,184,0,'2019-05-30'),(724,126,184,0,'2019-05-30'),(725,124,188,0,'2019-05-30'),(726,106,188,0,'2019-05-30'),(727,144,207,0,'2019-05-30'),(728,125,207,0,'2019-05-30'),(729,123,222,1,'2019-05-30'),(730,119,222,0,'2019-05-30'),(731,127,208,1,'2019-05-30'),(732,110,208,0,'2019-05-30'),(733,126,205,1,'2019-05-30'),(734,113,205,0,'2019-05-30'),(735,116,227,0,'2019-05-30'),(736,97,227,0,'2019-05-30'),(737,119,226,0,'2019-05-30'),(738,125,226,0,'2019-05-30'),(739,105,1,0,'2019-05-31'),(740,101,1,0,'2019-05-31'),(741,125,125,1,'2019-05-31'),(742,118,125,0,'2019-05-31'),(743,119,12,0,'2019-05-31'),(744,120,12,0,'2019-05-31'),(745,145,38,1,'2019-05-31'),(746,107,38,0,'2019-05-31'),(747,121,210,0,'2019-05-31'),(748,109,210,0,'2019-05-31'),(749,146,28,0,'2019-05-31'),(750,101,28,0,'2019-05-31'),(751,123,27,1,'2019-05-31'),(752,106,27,0,'2019-05-31'),(753,148,15,0,'2019-05-31'),(754,147,15,0,'2019-05-31'),(755,108,19,1,'2019-05-31'),(756,145,19,1,'2019-05-31'),(757,104,126,0,'2019-05-31'),(758,98,126,0,'2019-05-31'),(759,106,10,1,'2019-05-31'),(760,144,10,1,'2019-05-31'),(761,99,9,1,'2019-05-31'),(762,146,9,0,'2019-05-31'),(763,100,32,1,'2019-05-31'),(764,104,32,0,'2019-05-31'),(765,144,33,1,'2019-05-31'),(766,126,33,0,'2019-05-31'),(767,105,44,1,'2019-05-31'),(768,123,44,0,'2019-05-31'),(769,102,40,1,'2019-05-31'),(770,117,40,0,'2019-05-31'),(771,144,198,1,'2019-05-31'),(772,118,198,0,'2019-05-31'),(773,147,115,0,'2019-05-31'),(774,99,115,1,'2019-05-31'),(775,144,88,0,'2019-05-31'),(776,107,88,0,'2019-05-31'),(777,102,122,0,'2019-05-31'),(778,99,122,0,'2019-05-31'),(779,108,116,0,'2019-05-31'),(780,101,116,0,'2019-05-31'),(781,98,14,0,'2019-05-31'),(782,118,14,1,'2019-05-31'),(783,123,113,0,'2019-05-31'),(784,99,113,0,'2019-05-31'),(785,126,118,0,'2019-05-31'),(786,123,118,0,'2019-05-31'),(787,113,120,1,'2019-05-31'),(788,106,120,0,'2019-05-31'),(789,112,110,0,'2019-05-31'),(790,98,110,0,'2019-05-31'),(791,106,25,0,'2019-05-31'),(792,111,25,0,'2019-05-31'),(793,125,109,0,'2019-05-31'),(794,128,109,0,'2019-05-31'),(795,112,86,1,'2019-05-31'),(796,101,86,0,'2019-05-31'),(797,113,81,0,'2019-05-31'),(798,98,81,0,'2019-05-31'),(799,125,24,0,'2019-05-31'),(800,97,24,0,'2019-05-31'),(801,102,102,1,'2019-05-31'),(802,121,102,0,'2019-05-31'),(803,102,83,1,'2019-05-31'),(804,145,83,1,'2019-05-31'),(805,101,98,1,'2019-05-31'),(806,145,98,1,'2019-05-31'),(807,147,87,0,'2019-05-31'),(808,126,87,0,'2019-05-31'),(809,114,29,0,'2019-05-31'),(810,110,29,0,'2019-05-31'),(811,125,54,0,'2019-05-31'),(812,148,54,0,'2019-05-31'),(813,123,36,0,'2019-05-31'),(814,98,36,1,'2019-05-31'),(815,119,50,1,'2019-05-31'),(816,126,50,0,'2019-05-31'),(817,144,41,0,'2019-05-31'),(818,125,41,0,'2019-05-31'),(819,97,39,1,'2019-05-31'),(820,115,39,0,'2019-05-31'),(821,123,37,0,'2019-05-31'),(822,146,37,0,'2019-05-31'),(823,104,26,1,'2019-05-31'),(824,118,26,0,'2019-05-31'),(825,97,46,1,'2019-05-31'),(826,121,46,0,'2019-05-31'),(827,110,23,1,'2019-05-31'),(828,98,23,0,'2019-05-31'),(829,117,85,1,'2019-05-31'),(830,127,85,0,'2019-05-31'),(831,127,97,1,'2019-05-31'),(832,108,97,0,'2019-05-31'),(833,99,96,0,'2019-05-31'),(834,115,96,1,'2019-05-31'),(835,128,95,0,'2019-05-31'),(836,144,95,0,'2019-05-31'),(837,97,31,1,'2019-05-31'),(838,113,31,1,'2019-05-31'),(839,146,213,0,'2019-05-31'),(840,113,213,0,'2019-05-31'),(841,127,218,0,'2019-05-31'),(842,107,218,0,'2019-05-31'),(843,125,221,0,'2019-05-31'),(844,148,221,0,'2019-05-31'),(845,123,217,0,'2019-05-31'),(846,102,217,0,'2019-05-31'),(847,116,226,0,'2019-05-31'),(848,108,226,0,'2019-05-31'),(849,125,227,0,'2019-05-31'),(850,117,227,1,'2019-05-31'),(851,100,203,0,'2019-05-31'),(852,115,203,1,'2019-05-31'),(853,99,205,0,'2019-05-31'),(854,147,205,0,'2019-05-31'),(855,112,228,1,'2019-05-31'),(856,126,228,0,'2019-05-31'),(857,144,230,0,'2019-05-31'),(858,128,230,1,'2019-05-31'),(859,123,207,0,'2019-05-31'),(860,100,207,0,'2019-05-31'),(861,100,184,0,'2019-05-31'),(862,112,184,0,'2019-05-31'),(863,147,188,0,'2019-05-31'),(864,110,188,0,'2019-05-31'),(865,118,194,1,'2019-05-31'),(866,111,194,0,'2019-05-31'),(867,115,223,0,'2019-05-31'),(868,114,223,1,'2019-05-31'),(869,148,222,1,'2019-05-31'),(870,146,222,0,'2019-05-31'),(871,96,1,1,'2019-06-03'),(872,85,1,0,'2019-06-03'),(873,66,28,0,'2019-06-03'),(874,82,28,0,'2019-06-03'),(875,83,33,0,'2019-06-03'),(876,75,33,0,'2019-06-03'),(877,75,125,1,'2019-06-03'),(878,141,125,1,'2019-06-03'),(879,94,19,0,'2019-06-03'),(880,67,19,1,'2019-06-03'),(881,95,38,1,'2019-06-03'),(882,75,38,0,'2019-06-03'),(883,75,198,1,'2019-06-03'),(884,65,198,0,'2019-06-03'),(885,87,12,1,'2019-06-03'),(886,74,12,1,'2019-06-03'),(887,90,24,1,'2019-06-03'),(888,94,24,0,'2019-06-03'),(889,92,20,1,'2019-06-03'),(890,72,20,0,'2019-06-03'),(891,87,14,0,'2019-06-03'),(892,85,14,1,'2019-06-03'),(893,76,10,1,'2019-06-03'),(894,141,10,0,'2019-06-03'),(895,80,50,0,'2019-06-03'),(896,71,50,0,'2019-06-03'),(897,81,41,0,'2019-06-03'),(898,75,41,0,'2019-06-03'),(899,68,54,0,'2019-06-03'),(900,92,54,1,'2019-06-03'),(901,87,26,0,'2019-06-03'),(902,73,26,0,'2019-06-03'),(903,141,86,0,'2019-06-03'),(904,71,86,1,'2019-06-03'),(905,85,83,1,'2019-06-03'),(906,80,83,1,'2019-06-03'),(907,89,102,0,'2019-06-03'),(908,93,102,1,'2019-06-03'),(909,72,100,0,'2019-06-03'),(910,95,100,0,'2019-06-03'),(911,86,80,1,'2019-06-03'),(912,80,80,0,'2019-06-03'),(913,84,98,1,'2019-06-03'),(914,91,98,0,'2019-06-03'),(915,70,52,0,'2019-06-03'),(916,68,52,0,'2019-06-03'),(917,66,210,1,'2019-06-03'),(918,72,210,0,'2019-06-03'),(919,82,129,1,'2019-06-03'),(920,95,129,0,'2019-06-03'),(921,141,123,0,'2019-06-03'),(922,70,123,0,'2019-06-03'),(923,65,122,1,'2019-06-03'),(924,89,122,0,'2019-06-03'),(925,65,39,0,'2019-06-03'),(926,87,39,1,'2019-06-03'),(927,89,23,1,'2019-06-03'),(928,65,23,1,'2019-06-03'),(929,82,120,0,'2019-06-03'),(930,142,120,0,'2019-06-03'),(931,77,40,0,'2019-06-03'),(932,88,40,0,'2019-06-03'),(933,142,89,0,'2019-06-03'),(934,86,89,0,'2019-06-03'),(935,78,87,0,'2019-06-03'),(936,81,87,1,'2019-06-03'),(937,88,109,0,'2019-06-03'),(938,80,109,0,'2019-06-03'),(939,94,25,1,'2019-06-03'),(940,68,25,0,'2019-06-03'),(941,93,31,1,'2019-06-03'),(942,78,31,0,'2019-06-03'),(943,72,217,1,'2019-06-03'),(944,73,217,0,'2019-06-03'),(945,74,218,1,'2019-06-03'),(946,81,218,0,'2019-06-03'),(947,141,189,0,'2019-06-03'),(948,84,189,0,'2019-06-03'),(949,91,221,0,'2019-06-03'),(950,70,221,0,'2019-06-03'),(951,85,226,1,'2019-06-03'),(952,88,226,0,'2019-06-03'),(953,87,213,0,'2019-06-03'),(954,66,213,0,'2019-06-03'),(955,84,194,1,'2019-06-03'),(956,81,194,1,'2019-06-03'),(957,76,230,0,'2019-06-03'),(958,93,230,1,'2019-06-03'),(959,77,227,0,'2019-06-03'),(960,68,227,0,'2019-06-03'),(961,91,207,0,'2019-06-03'),(962,141,207,0,'2019-06-03'),(963,66,228,0,'2019-06-03'),(964,65,228,0,'2019-06-03'),(965,67,222,0,'2019-06-03'),(966,87,222,0,'2019-06-03'),(967,90,125,0,'2019-06-04'),(968,76,125,0,'2019-06-04'),(969,72,12,0,'2019-06-04'),(970,84,12,0,'2019-06-04'),(971,77,1,0,'2019-06-04'),(972,67,1,0,'2019-06-04'),(973,84,210,0,'2019-06-04'),(974,67,210,1,'2019-06-04'),(975,141,20,1,'2019-06-04'),(976,91,20,0,'2019-06-04'),(977,91,83,0,'2019-06-04'),(978,81,83,0,'2019-06-04'),(979,76,102,0,'2019-06-04'),(980,142,102,1,'2019-06-04'),(981,82,86,0,'2019-06-04'),(982,96,86,0,'2019-06-04'),(983,141,87,0,'2019-06-04'),(984,96,87,1,'2019-06-04'),(985,69,106,0,'2019-06-04'),(986,82,106,0,'2019-06-04'),(987,88,112,0,'2019-06-04'),(988,142,112,0,'2019-06-04'),(989,77,121,0,'2019-06-04'),(990,89,121,0,'2019-06-04'),(991,95,107,0,'2019-06-04'),(992,85,107,0,'2019-06-04'),(993,96,117,1,'2019-06-04'),(994,71,117,1,'2019-06-04'),(995,89,89,0,'2019-06-04'),(996,71,89,1,'2019-06-04'),(997,72,33,1,'2019-06-04'),(998,87,33,0,'2019-06-04'),(999,77,124,0,'2019-06-04'),(1000,78,124,1,'2019-06-04'),(1001,92,103,0,'2019-06-04'),(1002,68,103,0,'2019-06-04'),(1003,76,126,0,'2019-06-04'),(1004,72,126,0,'2019-06-04'),(1005,88,110,0,'2019-06-04'),(1006,92,110,1,'2019-06-04'),(1007,76,128,1,'2019-06-04'),(1008,68,128,1,'2019-06-04'),(1009,89,111,0,'2019-06-04'),(1010,74,111,1,'2019-06-04'),(1011,66,115,1,'2019-06-04'),(1012,87,115,0,'2019-06-04'),(1013,87,105,1,'2019-06-04'),(1014,77,105,0,'2019-06-04'),(1015,72,123,0,'2019-06-04'),(1016,84,123,0,'2019-06-04'),(1017,69,88,0,'2019-06-04'),(1018,67,88,0,'2019-06-04'),(1019,78,28,0,'2019-06-04'),(1020,73,28,0,'2019-06-04'),(1021,90,118,1,'2019-06-04'),(1022,65,118,0,'2019-06-04'),(1023,93,116,0,'2019-06-04'),(1024,90,116,1,'2019-06-04'),(1025,70,120,0,'2019-06-04'),(1026,72,120,0,'2019-06-04'),(1027,86,38,1,'2019-06-04'),(1028,76,38,1,'2019-06-04'),(1029,67,85,0,'2019-06-04'),(1030,87,85,0,'2019-06-04'),(1031,80,98,1,'2019-06-04'),(1032,70,98,0,'2019-06-04'),(1033,96,14,0,'2019-06-04'),(1034,71,14,0,'2019-06-04'),(1035,65,90,1,'2019-06-04'),(1036,86,90,0,'2019-06-04'),(1037,70,80,0,'2019-06-04'),(1038,95,80,0,'2019-06-04'),(1039,83,100,0,'2019-06-04'),(1040,142,100,0,'2019-06-04'),(1041,76,4,1,'2019-06-04'),(1042,87,4,0,'2019-06-04'),(1043,76,29,1,'2019-06-04'),(1044,143,29,0,'2019-06-04'),(1045,78,19,0,'2019-06-04'),(1046,73,19,1,'2019-06-04'),(1047,82,109,1,'2019-06-04'),(1048,93,109,1,'2019-06-04'),(1049,68,18,0,'2019-06-04'),(1050,88,18,0,'2019-06-04'),(1051,83,52,0,'2019-06-04'),(1052,71,52,0,'2019-06-04'),(1053,96,53,1,'2019-06-04'),(1054,71,53,0,'2019-06-04'),(1055,69,218,0,'2019-06-04'),(1056,77,218,0,'2019-06-04'),(1057,67,188,0,'2019-06-04'),(1058,88,188,0,'2019-06-04'),(1059,88,189,0,'2019-06-04'),(1060,143,189,0,'2019-06-04'),(1061,89,217,0,'2019-06-04'),(1062,141,217,0,'2019-06-04'),(1063,77,228,0,'2019-06-04'),(1064,76,228,1,'2019-06-04'),(1065,88,184,0,'2019-06-04'),(1066,83,184,0,'2019-06-04'),(1067,90,213,0,'2019-06-04'),(1068,72,213,0,'2019-06-04'),(1069,81,227,0,'2019-06-04'),(1070,87,227,1,'2019-06-04'),(1071,80,226,0,'2019-06-04'),(1072,141,226,1,'2019-06-04'),(1073,143,223,1,'2019-06-04'),(1074,72,223,1,'2019-06-04'),(1075,88,221,0,'2019-06-04'),(1076,69,221,0,'2019-06-04'),(1077,72,193,0,'2019-06-04'),(1078,95,193,0,'2019-06-04'),(1079,73,230,0,'2019-06-04'),(1080,78,230,0,'2019-06-04'),(1081,75,222,0,'2019-06-04'),(1082,76,222,0,'2019-06-04'),(1083,70,125,0,'2019-06-05'),(1084,143,125,0,'2019-06-05'),(1085,80,33,0,'2019-06-05'),(1086,96,33,0,'2019-06-05'),(1087,78,1,0,'2019-06-05'),(1088,76,1,1,'2019-06-05'),(1089,82,12,0,'2019-06-05'),(1090,89,12,0,'2019-06-05'),(1091,75,107,0,'2019-06-05'),(1092,90,107,0,'2019-06-05'),(1093,82,210,0,'2019-06-05'),(1094,91,210,0,'2019-06-05'),(1095,87,38,0,'2019-06-05'),(1096,142,38,0,'2019-06-05'),(1097,83,124,0,'2019-06-05'),(1098,142,124,1,'2019-06-05'),(1099,143,117,0,'2019-06-05'),(1100,92,117,0,'2019-06-05'),(1101,78,36,0,'2019-06-05'),(1102,65,36,0,'2019-06-05'),(1103,70,28,0,'2019-06-05'),(1104,143,28,0,'2019-06-05'),(1105,143,83,0,'2019-06-05'),(1106,77,83,1,'2019-06-05'),(1107,72,90,0,'2019-06-05'),(1108,68,90,0,'2019-06-05'),(1109,91,87,1,'2019-06-05'),(1110,71,87,0,'2019-06-05'),(1111,86,23,0,'2019-06-05'),(1112,96,23,0,'2019-06-05'),(1113,84,10,1,'2019-06-05'),(1114,83,10,1,'2019-06-05'),(1115,80,27,1,'2019-06-05'),(1116,73,27,1,'2019-06-05'),(1117,75,40,0,'2019-06-05'),(1118,89,40,0,'2019-06-05'),(1119,68,31,1,'2019-06-05'),(1120,94,31,0,'2019-06-05'),(1121,85,53,1,'2019-06-05'),(1122,72,53,0,'2019-06-05'),(1123,76,37,0,'2019-06-05'),(1124,75,37,0,'2019-06-05'),(1125,90,15,1,'2019-06-05'),(1126,74,15,1,'2019-06-05'),(1127,83,9,1,'2019-06-05'),(1128,66,9,1,'2019-06-05'),(1129,80,24,0,'2019-06-05'),(1130,82,24,0,'2019-06-05'),(1131,74,17,1,'2019-06-05'),(1132,96,17,0,'2019-06-05'),(1133,70,19,0,'2019-06-05'),(1134,66,19,1,'2019-06-05'),(1135,77,26,0,'2019-06-05'),(1136,82,26,0,'2019-06-05'),(1137,93,41,0,'2019-06-05'),(1138,69,41,0,'2019-06-05'),(1139,76,25,0,'2019-06-05'),(1140,91,25,0,'2019-06-05'),(1141,83,194,0,'2019-06-05'),(1142,142,194,1,'2019-06-05'),(1143,89,208,0,'2019-06-05'),(1144,87,208,0,'2019-06-05'),(1145,91,205,1,'2019-06-05'),(1146,78,205,0,'2019-06-05'),(1147,67,227,0,'2019-06-05'),(1148,95,227,0,'2019-06-05'),(1149,77,213,0,'2019-06-05'),(1150,65,213,0,'2019-06-05'),(1151,88,203,0,'2019-06-05'),(1152,71,203,0,'2019-06-05'),(1153,83,189,0,'2019-06-05'),(1154,89,189,0,'2019-06-05'),(1155,84,190,1,'2019-06-05'),(1156,80,190,1,'2019-06-05'),(1157,74,221,1,'2019-06-05'),(1158,87,221,0,'2019-06-05'),(1159,89,218,0,'2019-06-05'),(1160,76,218,1,'2019-06-05'),(1161,73,222,0,'2019-06-05'),(1162,68,222,1,'2019-06-05'),(1163,84,195,0,'2019-06-05'),(1164,65,195,1,'2019-06-05'),(1165,75,188,0,'2019-06-05'),(1166,77,188,1,'2019-06-05'),(1167,73,198,0,'2019-06-05'),(1168,85,198,0,'2019-06-05'),(1169,93,223,0,'2019-06-05'),(1170,87,223,0,'2019-06-05'),(1171,68,226,0,'2019-06-05'),(1172,91,226,0,'2019-06-05'),(1173,92,230,0,'2019-06-05'),(1174,66,230,0,'2019-06-05'),(1175,92,228,1,'2019-06-05'),(1176,70,228,0,'2019-06-05'),(1177,84,180,0,'2019-06-05'),(1178,73,180,0,'2019-06-05'),(1179,73,184,1,'2019-06-05'),(1180,75,184,0,'2019-06-05'),(1181,143,193,1,'2019-06-05'),(1182,74,193,0,'2019-06-05'),(1183,76,129,1,'2019-06-05'),(1184,87,129,0,'2019-06-05'),(1185,81,219,1,'2019-06-05'),(1186,77,219,0,'2019-06-05'),(1187,90,28,0,'2019-06-06'),(1188,142,28,0,'2019-06-06'),(1189,76,12,1,'2019-06-06'),(1190,78,12,0,'2019-06-06'),(1191,92,210,1,'2019-06-06'),(1192,71,210,1,'2019-06-06'),(1193,87,1,0,'2019-06-06'),(1194,69,1,0,'2019-06-06'),(1195,68,107,1,'2019-06-06'),(1196,88,107,0,'2019-06-06'),(1197,86,41,1,'2019-06-06'),(1198,96,41,0,'2019-06-06'),(1199,83,38,1,'2019-06-06'),(1200,94,38,1,'2019-06-06'),(1201,71,83,1,'2019-06-06'),(1202,86,83,1,'2019-06-06'),(1203,78,86,0,'2019-06-06'),(1204,69,86,0,'2019-06-06'),(1205,66,40,0,'2019-06-06'),(1206,141,40,0,'2019-06-06'),(1207,88,54,1,'2019-06-06'),(1208,77,54,1,'2019-06-06'),(1209,72,52,0,'2019-06-06'),(1210,77,52,0,'2019-06-06'),(1211,82,33,0,'2019-06-06'),(1212,68,33,0,'2019-06-06'),(1213,93,26,0,'2019-06-06'),(1214,65,26,0,'2019-06-06'),(1215,69,23,0,'2019-06-06'),(1216,90,23,0,'2019-06-06'),(1217,75,50,0,'2019-06-06'),(1218,67,50,0,'2019-06-06'),(1219,143,39,0,'2019-06-06'),(1220,80,39,1,'2019-06-06'),(1221,96,46,0,'2019-06-06'),(1222,89,46,1,'2019-06-06'),(1223,92,51,0,'2019-06-06'),(1224,85,51,0,'2019-06-06'),(1225,70,118,1,'2019-06-06'),(1226,88,118,1,'2019-06-06'),(1227,93,90,1,'2019-06-06'),(1228,67,90,1,'2019-06-06'),(1229,75,10,1,'2019-06-06'),(1230,74,10,1,'2019-06-06'),(1231,72,29,0,'2019-06-06'),(1232,84,29,1,'2019-06-06'),(1233,71,100,1,'2019-06-06'),(1234,143,100,0,'2019-06-06'),(1235,78,80,0,'2019-06-06'),(1236,143,80,1,'2019-06-06'),(1237,82,25,0,'2019-06-06'),(1238,143,25,1,'2019-06-06'),(1239,89,198,1,'2019-06-06'),(1240,91,198,1,'2019-06-06'),(1241,86,19,1,'2019-06-06'),(1242,69,19,0,'2019-06-06'),(1243,89,24,1,'2019-06-06'),(1244,70,24,1,'2019-06-06'),(1245,88,32,1,'2019-06-06'),(1246,92,32,0,'2019-06-06'),(1247,66,44,0,'2019-06-06'),(1248,67,44,0,'2019-06-06'),(1249,88,15,1,'2019-06-06'),(1250,72,15,0,'2019-06-06'),(1251,74,102,1,'2019-06-06'),(1252,68,102,1,'2019-06-06'),(1253,85,125,1,'2019-06-06'),(1254,80,125,1,'2019-06-06'),(1255,80,115,1,'2019-06-06'),(1256,73,115,1,'2019-06-06'),(1257,74,120,0,'2019-06-06'),(1258,90,120,1,'2019-06-06'),(1259,92,98,0,'2019-06-06'),(1260,96,98,0,'2019-06-06'),(1261,141,122,0,'2019-06-06'),(1262,92,122,1,'2019-06-06'),(1263,71,111,1,'2019-06-06'),(1264,91,111,0,'2019-06-06'),(1265,65,128,0,'2019-06-06'),(1266,91,128,1,'2019-06-06'),(1267,89,110,0,'2019-06-06'),(1268,82,110,0,'2019-06-06'),(1269,78,126,1,'2019-06-06'),(1270,88,126,0,'2019-06-06'),(1271,93,113,1,'2019-06-06'),(1272,73,113,0,'2019-06-06'),(1273,76,31,0,'2019-06-06'),(1274,89,31,1,'2019-06-06'),(1275,96,27,1,'2019-06-06'),(1276,88,27,1,'2019-06-06'),(1277,72,9,1,'2019-06-06'),(1278,85,9,1,'2019-06-06'),(1279,89,106,0,'2019-06-06'),(1280,87,106,0,'2019-06-06'),(1281,93,112,0,'2019-06-06'),(1282,86,112,0,'2019-06-06'),(1283,80,116,0,'2019-06-06'),(1284,68,116,0,'2019-06-06'),(1285,93,124,0,'2019-06-06'),(1286,143,124,0,'2019-06-06'),(1287,81,117,0,'2019-06-06'),(1288,69,117,0,'2019-06-06'),(1289,85,121,1,'2019-06-06'),(1290,142,121,0,'2019-06-06'),(1291,75,88,1,'2019-06-06'),(1292,143,88,0,'2019-06-06'),(1293,75,109,0,'2019-06-06'),(1294,69,109,0,'2019-06-06'),(1295,66,85,0,'2019-06-06'),(1296,76,85,0,'2019-06-06'),(1297,65,14,0,'2019-06-06'),(1298,80,14,0,'2019-06-06'),(1299,75,95,0,'2019-06-06'),(1300,68,95,0,'2019-06-06'),(1301,83,97,0,'2019-06-06'),(1302,88,97,0,'2019-06-06'),(1303,83,96,1,'2019-06-06'),(1304,143,96,0,'2019-06-06'),(1305,91,218,0,'2019-06-06'),(1306,142,218,1,'2019-06-06'),(1307,68,216,0,'2019-06-06'),(1308,83,216,0,'2019-06-06'),(1309,83,222,1,'2019-06-06'),(1310,74,222,1,'2019-06-06'),(1311,69,208,1,'2019-06-06'),(1312,68,208,0,'2019-06-06'),(1313,83,205,0,'2019-06-06'),(1314,80,205,0,'2019-06-06'),(1315,65,219,0,'2019-06-06'),(1316,88,219,1,'2019-06-06'),(1317,91,189,1,'2019-06-06'),(1318,75,189,0,'2019-06-06'),(1319,91,190,1,'2019-06-06'),(1320,76,190,0,'2019-06-06'),(1321,70,195,1,'2019-06-06'),(1322,78,195,0,'2019-06-06'),(1323,73,188,0,'2019-06-06'),(1324,82,188,0,'2019-06-06'),(1325,94,226,1,'2019-06-06'),(1326,96,226,1,'2019-06-06'),(1327,141,213,0,'2019-06-06'),(1328,74,213,1,'2019-06-06'),(1329,95,223,0,'2019-06-06'),(1330,88,223,0,'2019-06-06'),(1331,86,228,0,'2019-06-06'),(1332,90,228,0,'2019-06-06'),(1333,96,221,0,'2019-06-06'),(1334,94,221,0,'2019-06-06'),(1335,89,230,0,'2019-06-06'),(1336,67,230,0,'2019-06-06'),(1337,80,207,0,'2019-06-06'),(1338,90,207,0,'2019-06-06'),(1339,76,217,0,'2019-06-06'),(1340,84,217,1,'2019-06-06'),(1341,46,1,0,'2019-06-11'),(1342,136,1,0,'2019-06-11'),(1343,11,1,0,'2019-06-17'),(1344,28,2,1,'2019-06-17'),(1345,15,2,0,'2019-06-17'),(1346,131,223,0,'2019-06-17'),(1347,31,223,0,'2019-06-17'),(1348,28,228,0,'2019-06-17'),(1349,129,228,1,'2019-06-17'),(1350,3,218,0,'2019-06-17'),(1351,133,218,1,'2019-06-17'),(1352,20,213,0,'2019-06-17'),(1353,15,213,1,'2019-06-17'),(1354,16,210,0,'2019-06-17'),(1355,14,210,0,'2019-06-17'),(1356,134,222,0,'2019-06-17'),(1357,19,222,0,'2019-06-17'),(1358,28,207,0,'2019-06-17'),(1359,134,207,0,'2019-06-17'),(1360,17,88,0,'2019-06-18'),(1361,2,88,0,'2019-06-18'),(1362,16,28,0,'2019-06-18'),(1363,14,28,0,'2019-06-18'),(1364,3,102,1,'2019-06-18'),(1365,25,102,0,'2019-06-18'),(1366,32,83,0,'2019-06-18'),(1367,16,83,0,'2019-06-18'),(1368,31,40,0,'2019-06-18'),(1369,29,40,0,'2019-06-18'),(1370,21,54,0,'2019-06-18'),(1371,4,54,0,'2019-06-18'),(1372,15,29,0,'2019-06-18'),(1373,24,29,0,'2019-06-18'),(1374,15,106,1,'2019-06-18'),(1375,4,106,0,'2019-06-18'),(1376,31,107,1,'2019-06-18'),(1377,14,107,0,'2019-06-18'),(1378,132,121,0,'2019-06-18'),(1379,4,121,1,'2019-06-18'),(1380,32,116,0,'2019-06-18'),(1381,24,116,1,'2019-06-18'),(1382,21,120,0,'2019-06-18'),(1383,31,120,0,'2019-06-18'),(1384,19,118,0,'2019-06-18'),(1385,13,118,1,'2019-06-18'),(1386,29,119,1,'2019-06-18'),(1387,5,119,0,'2019-06-18'),(1388,4,1,1,'2019-06-18'),(1389,27,1,0,'2019-06-18'),(1390,131,38,0,'2019-06-18'),(1391,16,38,0,'2019-06-18'),(1392,4,22,0,'2019-06-18'),(1393,10,22,0,'2019-06-18'),(1394,16,12,1,'2019-06-18'),(1395,10,12,1,'2019-06-18'),(1396,129,33,0,'2019-06-18'),(1397,14,33,0,'2019-06-18'),(1398,32,19,0,'2019-06-18'),(1399,11,19,0,'2019-06-18'),(1400,4,24,0,'2019-06-18'),(1401,29,24,0,'2019-06-18'),(1402,27,198,0,'2019-06-18'),(1403,24,198,0,'2019-06-18'),(1404,17,25,0,'2019-06-18'),(1405,8,25,0,'2019-06-18'),(1406,21,89,0,'2019-06-18'),(1407,129,89,0,'2019-06-18'),(1408,30,52,0,'2019-06-18'),(1409,19,52,0,'2019-06-18'),(1410,26,26,1,'2019-06-18'),(1411,9,26,0,'2019-06-18'),(1412,26,34,0,'2019-06-18'),(1413,134,34,0,'2019-06-18'),(1414,17,39,0,'2019-06-18'),(1415,29,39,0,'2019-06-18'),(1416,31,41,0,'2019-06-18'),(1417,8,41,0,'2019-06-18'),(1418,12,124,0,'2019-06-18'),(1419,18,124,1,'2019-06-18'),(1420,23,112,0,'2019-06-18'),(1421,31,112,1,'2019-06-18'),(1422,5,117,0,'2019-06-18'),(1423,130,117,0,'2019-06-18'),(1424,8,122,0,'2019-06-18'),(1425,130,122,0,'2019-06-18'),(1426,12,126,0,'2019-06-18'),(1427,20,126,0,'2019-06-18'),(1428,12,86,0,'2019-06-18'),(1429,10,86,0,'2019-06-18'),(1430,129,81,0,'2019-06-18'),(1431,134,81,0,'2019-06-18'),(1432,15,17,0,'2019-06-18'),(1433,5,17,0,'2019-06-18'),(1434,30,31,1,'2019-06-18'),(1435,15,31,1,'2019-06-18'),(1436,2,210,1,'2019-06-18'),(1437,4,210,0,'2019-06-18'),(1438,131,218,0,'2019-06-18'),(1439,22,218,0,'2019-06-18'),(1440,131,189,0,'2019-06-18'),(1441,9,189,1,'2019-06-18'),(1442,132,203,0,'2019-06-18'),(1443,14,203,0,'2019-06-18'),(1444,14,219,0,'2019-06-18'),(1445,134,219,0,'2019-06-18'),(1446,15,223,0,'2019-06-18'),(1447,1,223,0,'2019-06-18'),(1448,28,227,0,'2019-06-18'),(1449,27,227,0,'2019-06-18'),(1450,17,213,0,'2019-06-18'),(1451,133,213,1,'2019-06-18'),(1452,15,228,0,'2019-06-18'),(1453,23,228,1,'2019-06-18'),(1454,26,230,0,'2019-06-18'),(1455,32,230,0,'2019-06-18'),(1456,3,226,0,'2019-06-18'),(1457,132,226,0,'2019-06-18'),(1458,24,207,0,'2019-06-18'),(1459,15,207,0,'2019-06-18'),(1460,132,221,1,'2019-06-18'),(1461,29,221,0,'2019-06-18'),(1462,26,195,0,'2019-06-18'),(1463,131,195,0,'2019-06-18'),(1464,3,188,0,'2019-06-18'),(1465,30,188,0,'2019-06-18'),(1466,15,199,0,'2019-06-18'),(1467,24,199,0,'2019-06-18'),(1468,17,184,0,'2019-06-18'),(1469,10,184,0,'2019-06-18'),(1470,5,28,1,'2019-06-19'),(1471,131,28,1,'2019-06-19'),(1472,23,12,1,'2019-06-19'),(1473,132,12,0,'2019-06-19'),(1474,31,33,1,'2019-06-19'),(1475,20,33,0,'2019-06-19'),(1476,134,1,0,'2019-06-19'),(1477,23,1,0,'2019-06-19'),(1478,1,210,0,'2019-06-19'),(1479,28,210,0,'2019-06-19'),(1480,2,22,0,'2019-06-19'),(1481,3,22,0,'2019-06-19'),(1482,19,38,0,'2019-06-19'),(1483,6,38,0,'2019-06-19'),(1484,14,102,1,'2019-06-19'),(1485,30,102,0,'2019-06-19'),(1486,3,86,0,'2019-06-19'),(1487,25,86,0,'2019-06-19'),(1488,15,89,0,'2019-06-19'),(1489,8,89,0,'2019-06-19'),(1490,130,83,1,'2019-06-19'),(1491,12,83,1,'2019-06-19'),(1492,29,54,1,'2019-06-19'),(1493,131,54,0,'2019-06-19'),(1494,11,17,0,'2019-06-19'),(1495,3,17,0,'2019-06-19'),(1496,132,20,0,'2019-06-19'),(1497,18,20,0,'2019-06-19'),(1498,17,31,1,'2019-06-19'),(1499,21,31,1,'2019-06-19'),(1500,129,23,0,'2019-06-19'),(1501,4,23,0,'2019-06-19'),(1502,28,11,0,'2019-06-19'),(1503,130,11,0,'2019-06-19'),(1504,28,9,1,'2019-06-19'),(1505,3,9,0,'2019-06-19'),(1506,10,24,0,'2019-06-19'),(1507,1,24,0,'2019-06-19'),(1508,16,27,1,'2019-06-19'),(1509,15,27,1,'2019-06-19'),(1510,24,15,0,'2019-06-19'),(1511,133,15,0,'2019-06-19'),(1512,129,87,1,'2019-06-19'),(1513,130,87,1,'2019-06-19'),(1514,10,98,0,'2019-06-19'),(1515,26,98,0,'2019-06-19'),(1516,1,97,1,'2019-06-19'),(1517,32,97,1,'2019-06-19'),(1518,3,25,0,'2019-06-19'),(1519,29,25,0,'2019-06-19'),(1520,16,44,0,'2019-06-19'),(1521,8,44,0,'2019-06-19'),(1522,13,32,0,'2019-06-19'),(1523,134,32,1,'2019-06-19'),(1524,14,198,0,'2019-06-19'),(1525,15,198,0,'2019-06-19'),(1526,10,125,0,'2019-06-19'),(1527,24,125,0,'2019-06-19'),(1528,14,14,0,'2019-06-19'),(1529,30,14,0,'2019-06-19'),(1530,28,115,0,'2019-06-19'),(1531,15,115,0,'2019-06-19'),(1532,24,121,0,'2019-06-19'),(1533,21,121,1,'2019-06-19'),(1534,5,123,0,'2019-06-19'),(1535,25,123,0,'2019-06-19'),(1536,5,108,1,'2019-06-19'),(1537,21,108,0,'2019-06-19'),(1538,32,107,0,'2019-06-19'),(1539,11,107,1,'2019-06-19'),(1540,24,122,0,'2019-06-19'),(1541,29,122,0,'2019-06-19'),(1542,19,106,0,'2019-06-19'),(1543,24,106,1,'2019-06-19'),(1544,133,112,0,'2019-06-19'),(1545,25,112,0,'2019-06-19'),(1546,6,105,0,'2019-06-19'),(1547,2,105,0,'2019-06-19'),(1548,13,37,1,'2019-06-19'),(1549,131,37,0,'2019-06-19'),(1550,27,19,0,'2019-06-19'),(1551,28,19,1,'2019-06-19'),(1552,12,100,0,'2019-06-19'),(1553,15,100,0,'2019-06-19'),(1554,132,80,0,'2019-06-19'),(1555,24,80,0,'2019-06-19'),(1556,22,124,0,'2019-06-19'),(1557,130,124,0,'2019-06-19'),(1558,17,117,0,'2019-06-19'),(1559,16,117,1,'2019-06-19'),(1560,131,111,0,'2019-06-19'),(1561,3,111,1,'2019-06-19'),(1562,29,96,0,'2019-06-19'),(1563,2,96,0,'2019-06-19'),(1564,3,95,1,'2019-06-19'),(1565,18,95,1,'2019-06-19'),(1566,30,128,0,'2019-06-19'),(1567,4,128,0,'2019-06-19'),(1568,5,90,0,'2019-06-19'),(1569,12,90,0,'2019-06-19'),(1570,130,85,0,'2019-06-19'),(1571,10,85,1,'2019-06-19'),(1572,10,194,0,'2019-06-19'),(1573,15,194,0,'2019-06-19'),(1574,132,188,0,'2019-06-19'),(1575,22,188,0,'2019-06-19'),(1576,134,193,0,'2019-06-19'),(1577,6,193,0,'2019-06-19'),(1578,12,219,0,'2019-06-19'),(1579,23,219,1,'2019-06-19'),(1580,6,203,0,'2019-06-19'),(1581,31,203,0,'2019-06-19'),(1582,133,199,0,'2019-06-19'),(1583,129,199,0,'2019-06-19'),(1584,8,207,0,'2019-06-19'),(1585,131,207,0,'2019-06-19'),(1586,130,221,1,'2019-06-19'),(1587,27,221,0,'2019-06-19'),(1588,20,228,0,'2019-06-19'),(1589,2,228,0,'2019-06-19'),(1590,134,226,0,'2019-06-19'),(1591,133,226,0,'2019-06-19'),(1592,131,227,0,'2019-06-19'),(1593,11,227,0,'2019-06-19'),(1594,21,223,0,'2019-06-19'),(1595,12,223,1,'2019-06-19'),(1596,2,216,0,'2019-06-19'),(1597,30,216,0,'2019-06-19'),(1598,27,213,0,'2019-06-19'),(1599,32,213,1,'2019-06-19'),(1600,19,218,0,'2019-06-19'),(1601,20,218,0,'2019-06-19'),(1602,1,222,0,'2019-06-19'),(1603,2,222,0,'2019-06-19');
/*!40000 ALTER TABLE `responde` ENABLE KEYS */;
UNLOCK TABLES;

--
-- Table structure for table `tipo_ensino`
--

DROP TABLE IF EXISTS `tipo_ensino`;
/*!40101 SET @saved_cs_client     = @@character_set_client */;
/*!40101 SET character_set_client = utf8 */;
CREATE TABLE `tipo_ensino` (
  `cod` int(11) NOT NULL AUTO_INCREMENT,
  `tipo_ensino` varchar(30) DEFAULT NULL,
  PRIMARY KEY (`cod`)
) ENGINE=InnoDB AUTO_INCREMENT=4 DEFAULT CHARSET=latin1;
/*!40101 SET character_set_client = @saved_cs_client */;

--
-- Dumping data for table `tipo_ensino`
--

LOCK TABLES `tipo_ensino` WRITE;
/*!40000 ALTER TABLE `tipo_ensino` DISABLE KEYS */;
INSERT INTO `tipo_ensino` VALUES (1,'Fundamental'),(2,'Fundamental e Médio'),(3,'Médio');
/*!40000 ALTER TABLE `tipo_ensino` ENABLE KEYS */;
UNLOCK TABLES;

--
-- Table structure for table `turma`
--

DROP TABLE IF EXISTS `turma`;
/*!40101 SET @saved_cs_client     = @@character_set_client */;
/*!40101 SET character_set_client = utf8 */;
CREATE TABLE `turma` (
  `cod` int(11) NOT NULL AUTO_INCREMENT,
  `turma` varchar(4) DEFAULT NULL,
  PRIMARY KEY (`cod`)
) ENGINE=InnoDB AUTO_INCREMENT=9 DEFAULT CHARSET=latin1;
/*!40101 SET character_set_client = @saved_cs_client */;

--
-- Dumping data for table `turma`
--

LOCK TABLES `turma` WRITE;
/*!40000 ALTER TABLE `turma` DISABLE KEYS */;
INSERT INTO `turma` VALUES (1,'9º-1'),(2,'9º-2'),(3,'Prof'),(4,'Adm'),(5,'8°-1'),(6,'8°-2'),(7,'8°-3'),(8,'8°-4');
/*!40000 ALTER TABLE `turma` ENABLE KEYS */;
UNLOCK TABLES;

--
-- Table structure for table `usuario`
--

DROP TABLE IF EXISTS `usuario`;
/*!40101 SET @saved_cs_client     = @@character_set_client */;
/*!40101 SET character_set_client = utf8 */;
CREATE TABLE `usuario` (
  `codUs` int(11) NOT NULL AUTO_INCREMENT,
  `nome` varchar(50) DEFAULT NULL,
  `senha` char(6) DEFAULT NULL,
  `codTurma` int(11) DEFAULT NULL,
  `codEscola` int(11) DEFAULT '1',
  `codCidade` int(11) DEFAULT '1',
  `erros` int(11) DEFAULT '0',
  `pontuacao` int(11) DEFAULT '0',
  `pontSem` int(11) DEFAULT '0',
  `erroSem` int(11) DEFAULT '0',
  PRIMARY KEY (`codUs`),
  KEY `fk_usuario_turma_idx` (`codTurma`),
  KEY `fk_usuario_escola_idx` (`codEscola`),
  KEY `fk_usuario_cidade_idx` (`codCidade`),
  CONSTRAINT `fk_usuario_cidade` FOREIGN KEY (`codCidade`) REFERENCES `cidade` (`cod`) ON DELETE NO ACTION ON UPDATE NO ACTION,
  CONSTRAINT `fk_usuario_escola` FOREIGN KEY (`codEscola`) REFERENCES `escola` (`cod`) ON DELETE NO ACTION ON UPDATE NO ACTION,
  CONSTRAINT `fk_usuario_turma` FOREIGN KEY (`codTurma`) REFERENCES `turma` (`cod`) ON DELETE NO ACTION ON UPDATE NO ACTION
) ENGINE=InnoDB AUTO_INCREMENT=233 DEFAULT CHARSET=latin1;
/*!40101 SET character_set_client = @saved_cs_client */;

--
-- Dumping data for table `usuario`
--

LOCK TABLES `usuario` WRITE;
/*!40000 ALTER TABLE `usuario` DISABLE KEYS */;
INSERT INTO `usuario` VALUES 


/*!40000 ALTER TABLE `usuario` ENABLE KEYS */;
UNLOCK TABLES;
/*!40103 SET TIME_ZONE=@OLD_TIME_ZONE */;

/*!40101 SET SQL_MODE=@OLD_SQL_MODE */;
/*!40014 SET FOREIGN_KEY_CHECKS=@OLD_FOREIGN_KEY_CHECKS */;
/*!40014 SET UNIQUE_CHECKS=@OLD_UNIQUE_CHECKS */;
/*!40101 SET CHARACTER_SET_CLIENT=@OLD_CHARACTER_SET_CLIENT */;
/*!40101 SET CHARACTER_SET_RESULTS=@OLD_CHARACTER_SET_RESULTS */;
/*!40101 SET COLLATION_CONNECTION=@OLD_COLLATION_CONNECTION */;
/*!40111 SET SQL_NOTES=@OLD_SQL_NOTES */;


